<?xml version="1.0" encoding="UTF-8"?>
<beans xmlns="http://www.springframework.org/schema/beans"
       xmlns:xsi="http://www.w3.org/2001/XMLSchema-instance"
       xmlns:mvc="http://www.springframework.org/schema/mvc"
       xmlns:context="http://www.springframework.org/schema/context"
       xsi:schemaLocation="http://www.springframework.org/schema/beans http://www.springframework.org/schema/beans/spring-beans-3.2.xsd
		http://www.springframework.org/schema/mvc http://www.springframework.org/schema/mvc/spring-mvc-3.2.xsd http://www.springframework.org/schema/context http://www.springframework.org/schema/context/spring-context.xsd">


    <!-- 默认的注解映射的支持 -->
    <mvc:annotation-driven>
        <mvc:message-converters register-defaults="true">
            <bean
                    class="org.springframework.http.converter.ByteArrayHttpMessageConverter"/>
            <bean class="org.springframework.http.converter.StringHttpMessageConverter">
                <constructor-arg value="UTF-8"/>
                <property name="supportedMediaTypes">
                    <list>
                        <value>text/html;charset=UTF-8</value>
                    </list>
                </property>
            </bean>
            <bean
                    class="org.springframework.http.converter.json.MappingJackson2HttpMessageConverter">
                <property name="supportedMediaTypes">
                    <list>
                        <value>text/html;charset=UTF-8</value>
                    </list>
                </property>
            </bean>
        </mvc:message-converters>
    </mvc:annotation-driven>

    <!-- 视图解释类 -->
    <bean class="org.springframework.web.servlet.view.InternalResourceViewResolver">
        <property name="prefix" value="/WEB-INF/web/"/>
        <property name="suffix" value=".jsp"/>
        <property name="viewClass" value="org.springframework.web.servlet.view.JstlView"/>
    </bean>

    <!-- 对静态资源文件的访问,使用默认的Servlet来响应静态文件 -->
    <mvc:resources mapping="/images/**" location="/WEB-INF/images/"/>
    <mvc:resources mapping="/css/**" location="/WEB-INF/css/"/>
    <mvc:resources mapping="/js/**" location="/WEB-INF/js/"/>

    <!-- 语言包 -->
    <bean id="messageSource"
          class="org.springframework.context.support.ResourceBundleMessageSource">
        <property name="basename" value="message"/>
    </bean>

    <!-- 自动扫描的包名 -->
    <context:component-scan base-package="com.bigao.backend"/>
</beans>
