<?xml version="1.0" encoding="UTF-8"?>
<beans:beans xmlns="http://www.springframework.org/schema/security"
             xmlns:beans="http://www.springframework.org/schema/beans"
             xmlns:xsi="http://www.w3.org/2001/XMLSchema-instance"
             xsi:schemaLocation="http://www.springframework.org/schema/beans http://www.springframework.org/schema/beans/spring-beans-4.0.xsd
                        http://www.springframework.org/schema/security http://www.springframework.org/schema/security/spring-security-4.0.xsd">

    <http pattern="/" security="none"/>
    <http pattern="/js/**" security="none"/>
    <http pattern="/css/**" security="none"/>
    <http pattern="/images/**" security="none"/>
    <http pattern="/new" security="none"/>
    <http pattern="/inner.php" security="none"/>
    <http pattern="/restart.php" security="none"/>
    <http pattern="/postRestart.php" security="none"/>
    <http pattern="/refresh" security="none"/>
    <http pattern="/check" security="none"/>
    <http pattern="/mdKey" security="none"/>
    <http pattern="/login" security="none"/>
    <http pattern="/timeout" security="none"/>
    <http pattern="/loginSubmit" security="none"/>
    <http auto-config="true" use-expressions="true">
    	<intercept-url pattern="/**" access="hasAuthority('ROLE_USER')"/>
        <form-login login-page="/login?type=login" authentication-failure-url="/login?error=true "/>
        <logout logout-success-url="/login?type=logout" invalidate-session="true"/>
       
        <session-management invalid-session-url="/login?type=timeout">
            <concurrency-control max-sessions="5" error-if-maximum-exceeded="true"/>
        </session-management>
        <access-denied-handler ref="myAccessDeniedHandlerImpl"/>
        <custom-filter ref="myFilter" before="FILTER_SECURITY_INTERCEPTOR"/>

        <headers>
            <frame-options policy="SAMEORIGIN"/>
        </headers>
        <csrf disabled="true"/>
    </http>
    <beans:bean id="myFilter" class="com.bigao.backend.security.MyFilterSecurityInterceptor">
        <beans:property name="accessDecisionManager" ref="myAccessDecisionManager"/><!--  资源访问决策 -->
        <beans:property name="authenticationManager" ref="authenticationManager"/><!-- 登陆的认证 -->
        <beans:property name="securityMetadataSource" ref="mySecurityMetadataSource"/><!-- 资源和权限列表 -->
    </beans:bean>

    <authentication-manager alias="authenticationManager">
        <authentication-provider user-service-ref="userDetailsService"/>
    </authentication-manager>

    <beans:bean id="userDetailsService" class="com.bigao.backend.security.MyUserDetailsService"/>

    <beans:bean name="myAccessDecisionManager" class="com.bigao.backend.security.MyAccessDecisionManager"/>

    <beans:bean name="mySecurityMetadataSource"
                class="com.bigao.backend.security.MyInvocationSecurityMetadataSourceService"/>

    <beans:bean name="myAccessDeniedHandlerImpl" class="com.bigao.backend.security.MyAccessDeniedHandlerImpl">
        <beans:property name="accessDeniedUrl" value="/login?type=noright"/>
    </beans:bean>

</beans:beans>