-- --------------------------------------------------------
-- 主机:                           127.0.0.1
-- 服务器版本:                        5.7.9-log - MySQL Community Server (GPL)
-- 服务器操作系统:                      Win64
-- HeidiSQL 版本:                  9.3.0.5036
-- --------------------------------------------------------

/*!40101 SET @OLD_CHARACTER_SET_CLIENT=@@CHARACTER_SET_CLIENT */;
/*!40101 SET NAMES utf8 */;
/*!50503 SET NAMES utf8mb4 */;
/*!40014 SET @OLD_FOREIGN_KEY_CHECKS=@@FOREIGN_KEY_CHECKS, FOREIGN_KEY_CHECKS=0 */;
/*!40101 SET @OLD_SQL_MODE=@@SQL_MODE, SQL_MODE='NO_AUTO_VALUE_ON_ZERO' */;

-- 导出 xiyou 的数据库结构
CREATE DATABASE IF NOT EXISTS `xiyou` /*!40100 DEFAULT CHARACTER SET utf8 */;
USE `xiyou`;


-- 导出  表 xiyou.gccp_cyclebulletin 结构
CREATE TABLE IF NOT EXISTS `gccp_cyclebulletin` (
  `id` int(11) NOT NULL AUTO_INCREMENT,
  `content` varchar(1024) DEFAULT NULL,
  `createTime` bigint(20) DEFAULT NULL,
  `createUser` varchar(255) DEFAULT NULL,
  `frequency` int(11) DEFAULT NULL,
  `fromDate` varchar(255) DEFAULT NULL,
  `fromTime` bigint(20) DEFAULT NULL,
  `lastPublicTime` bigint(20) DEFAULT NULL,
  `platformId` int(11) DEFAULT NULL,
  `serverId` int(11) DEFAULT NULL,
  `serverName` varchar(255) DEFAULT NULL,
  `state` int(11) DEFAULT NULL COMMENT '0:可用 1：停用 2：过期',
  `toDate` varchar(255) DEFAULT NULL,
  `toTime` bigint(20) DEFAULT NULL,
  PRIMARY KEY (`id`)
) ENGINE=InnoDB DEFAULT CHARSET=utf8;

-- 正在导出表  xiyou.gccp_cyclebulletin 的数据：~0 rows (大约)
DELETE FROM `gccp_cyclebulletin`;
/*!40000 ALTER TABLE `gccp_cyclebulletin` DISABLE KEYS */;
/*!40000 ALTER TABLE `gccp_cyclebulletin` ENABLE KEYS */;


-- 导出  表 xiyou.gccp_gamelogconfig 结构
CREATE TABLE IF NOT EXISTS `gccp_gamelogconfig` (
  `id` int(11) NOT NULL AUTO_INCREMENT,
  `getShowCols` varchar(255) DEFAULT NULL,
  `isDeleted` tinyint(1) NOT NULL,
  `logName` varchar(255) DEFAULT NULL,
  `logSql` varchar(255) DEFAULT NULL,
  `logType` int(11) NOT NULL,
  `reviseResult` varchar(255) DEFAULT NULL,
  PRIMARY KEY (`id`)
) ENGINE=InnoDB AUTO_INCREMENT=3 DEFAULT CHARSET=utf8;

-- 正在导出表  xiyou.gccp_gamelogconfig 的数据：~2 rows (大约)
DELETE FROM `gccp_gamelogconfig`;
/*!40000 ALTER TABLE `gccp_gamelogconfig` DISABLE KEYS */;
INSERT INTO `gccp_gamelogconfig` (`id`, `getShowCols`, `isDeleted`, `logName`, `logSql`, `logType`, `reviseResult`) VALUES
	(1, 'oldLevel,oldExp,newExp,action,newLevel,serialNumber,platform,server,roleId,time', 0, 'roleleveluplog', 'select oldLevel,oldExp,newExp,action,newLevel,serialNumber,platform,server,roleId,unix_timestamp(time) time from GAMELOG where time>=? and time<? and roleId=?', 2, 'ds'),
	(2, 'acceptTask,finishTask,serialNumber,platform,server,roleId,time', 0, 'roletasklog', 'select  acceptTask,finishTask,serialNumber,platform,server,roleId,UNIX_TIMESTAMP(time) time from GAMELOG where time>=?and time<=?and  roleId=?', 2, 'ds');
/*!40000 ALTER TABLE `gccp_gamelogconfig` ENABLE KEYS */;


-- 导出  表 xiyou.gccp_gamelogdb 结构
CREATE TABLE IF NOT EXISTS `gccp_gamelogdb` (
  `id` int(11) NOT NULL AUTO_INCREMENT,
  `DBName` varchar(255) DEFAULT NULL,
  `DBPwd` varchar(255) DEFAULT NULL,
  `DBUsername` varchar(255) DEFAULT NULL,
  `creatTime` bigint(20) DEFAULT NULL,
  `ip` varchar(255) DEFAULT NULL,
  `isDeleted` tinyint(1) DEFAULT NULL,
  `platformId` int(11) DEFAULT NULL,
  `port` int(11) DEFAULT NULL,
  `serverId` int(11) DEFAULT NULL,
  `serverName` varchar(255) DEFAULT NULL,
  PRIMARY KEY (`id`)
) ENGINE=InnoDB DEFAULT CHARSET=utf8;

-- 正在导出表  xiyou.gccp_gamelogdb 的数据：~0 rows (大约)
DELETE FROM `gccp_gamelogdb`;
/*!40000 ALTER TABLE `gccp_gamelogdb` DISABLE KEYS */;
/*!40000 ALTER TABLE `gccp_gamelogdb` ENABLE KEYS */;


-- 导出  表 xiyou.gccp_gm_command 结构
CREATE TABLE IF NOT EXISTS `gccp_gm_command` (
  `id` int(11) NOT NULL AUTO_INCREMENT,
  `platformId` int(11) DEFAULT '0',
  `serverId` int(11) DEFAULT '0',
  `command` varchar(255) DEFAULT '0',
  `sendTime` bigint(20) DEFAULT '0',
  `sendUser` varchar(255) DEFAULT '0',
  `result` mediumtext NOT NULL,
  PRIMARY KEY (`id`)
) ENGINE=InnoDB AUTO_INCREMENT=7 DEFAULT CHARSET=utf8;

-- 正在导出表  xiyou.gccp_gm_command 的数据：~6 rows (大约)
DELETE FROM `gccp_gm_command`;
/*!40000 ALTER TABLE `gccp_gm_command` DISABLE KEYS */;
INSERT INTO `gccp_gm_command` (`id`, `platformId`, `serverId`, `command`, `sendTime`, `sendUser`, `result`) VALUES
	(1, 0, 1001, 'reload', 1451130470131, 'xiyou', '重新加载资源完毕,耗时:101ms'),
	(2, 0, 1001, 'reload', 1451130498973, 'xiyou', '重新加载资源完毕,耗时:112ms'),
	(3, 0, 10111, 'reload', 1451130498992, 'xiyou', '重新加载资源完毕,耗时:135ms'),
	(4, 0, 1002, 'reload', 1451130499856, 'xiyou', 'Connect to 192.168.1.50:8002 [/192.168.1.50] failed: Connection refused: connect'),
	(5, 0, 1003, 'reload', 1451130499848, 'xiyou', 'Connect to 192.168.1.50:9012 [/192.168.1.50] failed: Connection refused: connect'),
	(6, 1, 9999, 'reload', 1451130504597, 'xiyou', '重新加载资源完毕,耗时:5727ms');
/*!40000 ALTER TABLE `gccp_gm_command` ENABLE KEYS */;


-- 导出  表 xiyou.gccp_images 结构
CREATE TABLE IF NOT EXISTS `gccp_images` (
  `id` int(11) NOT NULL AUTO_INCREMENT,
  `groupid` int(11) DEFAULT NULL,
  `isuse` int(11) DEFAULT NULL,
  `localtpath` varchar(255) DEFAULT NULL,
  `qq` varchar(255) DEFAULT NULL,
  `serverid` int(11) DEFAULT NULL,
  `uploadtime` bigint(20) DEFAULT NULL,
  `uploaduser` varchar(255) DEFAULT NULL,
  `uri` varchar(255) DEFAULT NULL,
  PRIMARY KEY (`id`)
) ENGINE=InnoDB DEFAULT CHARSET=utf8;

-- 正在导出表  xiyou.gccp_images 的数据：~0 rows (大约)
DELETE FROM `gccp_images`;
/*!40000 ALTER TABLE `gccp_images` DISABLE KEYS */;
/*!40000 ALTER TABLE `gccp_images` ENABLE KEYS */;


-- 导出  表 xiyou.gccp_innercurrency 结构
CREATE TABLE IF NOT EXISTS `gccp_innercurrency` (
  `id` int(11) NOT NULL AUTO_INCREMENT,
  `num` int(11) DEFAULT NULL,
  `platformId` int(11) DEFAULT NULL,
  `roleId` varchar(255) DEFAULT NULL,
  `roleName` varchar(255) DEFAULT NULL,
  `sendTime` bigint(20) DEFAULT NULL,
  `sendUser` varchar(255) DEFAULT NULL,
  `serverId` int(11) DEFAULT NULL,
  `type` int(11) DEFAULT NULL,
  `userId` varchar(255) DEFAULT NULL,
  `userName` varchar(255) DEFAULT NULL,
  PRIMARY KEY (`id`)
) ENGINE=InnoDB DEFAULT CHARSET=utf8;

-- 正在导出表  xiyou.gccp_innercurrency 的数据：~0 rows (大约)
DELETE FROM `gccp_innercurrency`;
/*!40000 ALTER TABLE `gccp_innercurrency` DISABLE KEYS */;
/*!40000 ALTER TABLE `gccp_innercurrency` ENABLE KEYS */;


-- 导出  表 xiyou.gccp_inneruser 结构
CREATE TABLE IF NOT EXISTS `gccp_inneruser` (
  `id` int(11) NOT NULL AUTO_INCREMENT,
  `createTime` bigint(20) DEFAULT NULL,
  `platformId` int(11) DEFAULT NULL,
  `remark` varchar(255) DEFAULT NULL,
  `remarkUser` varchar(255) DEFAULT NULL,
  `roleId` varchar(255) DEFAULT NULL,
  `roleName` varchar(255) DEFAULT NULL,
  `serverId` int(11) DEFAULT NULL,
  `userId` varchar(255) DEFAULT NULL,
  `userName` varchar(255) DEFAULT NULL,
  PRIMARY KEY (`id`)
) ENGINE=InnoDB DEFAULT CHARSET=utf8;

-- 正在导出表  xiyou.gccp_inneruser 的数据：~0 rows (大约)
DELETE FROM `gccp_inneruser`;
/*!40000 ALTER TABLE `gccp_inneruser` DISABLE KEYS */;
/*!40000 ALTER TABLE `gccp_inneruser` ENABLE KEYS */;


-- 导出  表 xiyou.gccp_kickforbidlog 结构
CREATE TABLE IF NOT EXISTS `gccp_kickforbidlog` (
  `id` int(11) NOT NULL AUTO_INCREMENT,
  `content` varchar(255) DEFAULT NULL,
  `forbidtime` int(11) DEFAULT NULL,
  `opType` smallint(6) DEFAULT NULL,
  `reason` varchar(255) DEFAULT NULL,
  `sid` int(11) DEFAULT NULL,
  `startforbidtime` bigint(20) DEFAULT NULL,
  `state` tinyint(1) DEFAULT NULL,
  `times` bigint(20) DEFAULT NULL,
  `type` smallint(6) DEFAULT NULL,
  `username` varchar(255) DEFAULT NULL,
  PRIMARY KEY (`id`)
) ENGINE=InnoDB DEFAULT CHARSET=utf8;

-- 正在导出表  xiyou.gccp_kickforbidlog 的数据：~0 rows (大约)
DELETE FROM `gccp_kickforbidlog`;
/*!40000 ALTER TABLE `gccp_kickforbidlog` DISABLE KEYS */;
/*!40000 ALTER TABLE `gccp_kickforbidlog` ENABLE KEYS */;


-- 导出  表 xiyou.gccp_log 结构
CREATE TABLE IF NOT EXISTS `gccp_log` (
  `id` int(11) NOT NULL AUTO_INCREMENT,
  `content` varchar(255) DEFAULT NULL,
  `creatTime` bigint(20) NOT NULL,
  `ip` varchar(255) DEFAULT NULL,
  `username` varchar(255) DEFAULT NULL,
  PRIMARY KEY (`id`)
) ENGINE=InnoDB AUTO_INCREMENT=769 DEFAULT CHARSET=utf8;

-- 正在导出表  xiyou.gccp_log 的数据：~768 rows (大约)
DELETE FROM `gccp_log`;
/*!40000 ALTER TABLE `gccp_log` DISABLE KEYS */;
INSERT INTO `gccp_log` (`id`, `content`, `creatTime`, `ip`, `username`) VALUES
	(1, '登录系统', 1447074971365, '127.0.0.1', 'xiyou'),
	(2, '登录系统', 1447075081130, '127.0.0.1', 'xiyou'),
	(3, '登录系统', 1447075130780, '127.0.0.1', 'xiyou'),
	(4, '登录系统', 1447075246523, '127.0.0.1', 'xiyou'),
	(5, '登录系统', 1447075439699, '127.0.0.1', 'xiyou'),
	(6, '登录系统', 1447075968641, '127.0.0.1', 'xiyou'),
	(7, '登录系统', 1447076248762, '127.0.0.1', 'xiyou'),
	(8, '登录系统', 1447076590734, '127.0.0.1', 'xiyou'),
	(9, '登录系统', 1447077798334, '127.0.0.1', 'xiyou'),
	(10, '登录系统', 1447078197175, '127.0.0.1', 'xiyou'),
	(11, '登录系统', 1447078245174, '127.0.0.1', 'xiyou'),
	(12, '登录系统', 1447079334357, '127.0.0.1', 'xiyou'),
	(13, '登录系统', 1447079376110, '127.0.0.1', 'xiyou'),
	(14, '登录系统', 1447079578556, '127.0.0.1', 'xiyou'),
	(15, '登录系统', 1447123192863, '127.0.0.1', 'xiyou'),
	(16, '登录系统', 1447123217300, '127.0.0.1', 'xiyou'),
	(17, '登录系统', 1447145121689, '127.0.0.1', 'xiyou'),
	(18, '登录系统', 1447145123333, '127.0.0.1', 'xiyou'),
	(19, '登录系统', 1447145238819, '127.0.0.1', 'xiyou'),
	(20, '登录系统', 1447145376347, '127.0.0.1', 'xiyou'),
	(21, '登录系统', 1447145488901, '127.0.0.1', 'xiyou'),
	(22, '登录系统', 1447146174670, '127.0.0.1', 'xiyou'),
	(23, '登录系统', 1447149406995, '127.0.0.1', 'xiyou'),
	(24, '登录系统', 1447149424683, '127.0.0.1', 'admin'),
	(25, '登录系统', 1447149549627, '127.0.0.1', 'xiyou'),
	(26, '登录系统', 1447149634668, '127.0.0.1', 'xiyou'),
	(27, '登录系统', 1447150521033, '127.0.0.1', 'xiyou'),
	(28, '登录系统', 1447150613568, '127.0.0.1', 'xiyou'),
	(29, '登录系统', 1447150626564, '127.0.0.1', 'xiyou'),
	(30, '登录系统', 1447150676674, '127.0.0.1', 'xiyou'),
	(31, '登录系统', 1447151176467, '127.0.0.1', 'xiyou'),
	(32, '登录系统', 1447151457996, '127.0.0.1', 'xiyou'),
	(33, '登录系统', 1447151567841, '127.0.0.1', 'xiyou'),
	(34, '登录系统', 1447151693210, '127.0.0.1', 'xiyou'),
	(35, '登录系统', 1447151713397, '127.0.0.1', 'xiyou'),
	(36, '登录系统', 1447151824616, '127.0.0.1', 'xiyou'),
	(37, '登录系统', 1447151844410, '127.0.0.1', 'xiyou'),
	(38, '登录系统', 1447151917836, '127.0.0.1', 'xiyou'),
	(39, '登录系统', 1447151960077, '127.0.0.1', 'xiyou'),
	(40, '登录系统', 1447151994416, '127.0.0.1', 'xiyou'),
	(41, '登录系统', 1447152013834, '127.0.0.1', 'xiyou'),
	(42, '登录系统', 1447152107437, '127.0.0.1', 'xiyou'),
	(43, '登录系统', 1447152110747, '127.0.0.1', 'xiyou'),
	(44, '登录系统', 1447152178367, '127.0.0.1', 'xiyou'),
	(45, '登录系统', 1447152191072, '127.0.0.1', 'xiyou'),
	(46, '发送GM指令成功！发送GM指令:q', 1447152202588, '127.0.0.1', 'xiyou'),
	(47, '登录系统', 1447152259321, '127.0.0.1', 'xiyou'),
	(48, '登录系统', 1447152320988, '127.0.0.1', 'xiyou'),
	(49, '登录系统', 1447152402729, '127.0.0.1', 'xiyou'),
	(50, '登录系统', 1447152402976, '127.0.0.1', 'xiyou'),
	(51, '登录系统', 1447152403365, '127.0.0.1', 'xiyou'),
	(52, '登录系统', 1447152403365, '127.0.0.1', 'xiyou'),
	(53, '登录系统', 1447152445756, '127.0.0.1', 'xiyou'),
	(54, '登录系统', 1447152561563, '127.0.0.1', 'xiyou'),
	(55, '登录系统', 1447153059341, '127.0.0.1', 'xiyou'),
	(56, '登录系统', 1447153707896, '127.0.0.1', 'xiyou'),
	(57, '登录系统', 1447153811449, '127.0.0.1', 'xiyou'),
	(58, '登录系统', 1447154604634, '127.0.0.1', 'xiyou'),
	(59, '登录系统', 1447154705630, '127.0.0.1', 'xiyou'),
	(60, '登录系统', 1447154771954, '127.0.0.1', 'xiyou'),
	(61, '登录系统', 1447154927346, '127.0.0.1', 'xiyou'),
	(62, '登录系统', 1447155089634, '127.0.0.1', 'xiyou'),
	(63, '登录系统', 1447155159731, '127.0.0.1', 'xiyou'),
	(64, '登录系统', 1447156318992, '127.0.0.1', 'xiyou'),
	(65, '登录系统', 1447156906718, '127.0.0.1', 'xiyou'),
	(66, '登录系统', 1447157146087, '127.0.0.1', 'xiyou'),
	(67, '登录系统', 1447157279836, '127.0.0.1', 'xiyou'),
	(68, '登录系统', 1447157280048, '127.0.0.1', 'xiyou'),
	(69, '登录系统', 1447158110781, '127.0.0.1', 'xiyou'),
	(70, '登录系统', 1447158573275, '127.0.0.1', 'xiyou'),
	(71, '登录系统', 1447158762941, '127.0.0.1', 'xiyou'),
	(72, '登录系统', 1447160243891, '127.0.0.1', 'xiyou'),
	(73, '登录系统', 1447160315743, '127.0.0.1', 'xiyou'),
	(74, '登录系统', 1447160455702, '127.0.0.1', 'xiyou'),
	(75, '登录系统', 1447160511304, '127.0.0.1', 'xiyou'),
	(76, '登录系统', 1447160879590, '127.0.0.1', 'xiyou'),
	(77, '登录系统', 1447161251408, '127.0.0.1', 'xiyou'),
	(78, '登录系统', 1447161529219, '127.0.0.1', 'xiyou'),
	(79, '登录系统', 1447161665237, '127.0.0.1', 'xiyou'),
	(80, '登录系统', 1447161846846, '127.0.0.1', 'xiyou'),
	(81, '登录系统', 1447162288865, '127.0.0.1', 'xiyou'),
	(82, '登录系统', 1447162463184, '127.0.0.1', 'xiyou'),
	(83, '登录系统', 1447163924399, '127.0.0.1', 'xiyou'),
	(84, '登录系统', 1447164203623, '127.0.0.1', 'xiyou'),
	(85, '登录系统', 1447164694208, '127.0.0.1', 'xiyou'),
	(86, '登录系统', 1447165709972, '127.0.0.1', 'xiyou'),
	(87, '登录系统', 1447209694120, '127.0.0.1', 'xiyou'),
	(88, '登录系统', 1447210457234, '127.0.0.1', 'xiyou'),
	(89, '登录系统', 1447215102032, '127.0.0.1', 'xiyou'),
	(90, '登录系统', 1447215246938, '127.0.0.1', 'xiyou'),
	(91, '登录系统', 1447224350771, '127.0.0.1', 'admin'),
	(92, '登录系统', 1447224479231, '127.0.0.1', 'xiyou'),
	(93, '登录系统', 1447229195376, '127.0.0.1', 'xiyou'),
	(94, '登录系统', 1447229633422, '127.0.0.1', 'xiyou'),
	(95, '登录系统', 1447229732708, '127.0.0.1', 'xiyou'),
	(96, '登录系统', 1447229949873, '127.0.0.1', 'xiyou'),
	(97, '登录系统', 1447230291493, '127.0.0.1', 'xiyou'),
	(98, '登录系统', 1447232526015, '127.0.0.1', 'xiyou'),
	(99, '登录系统', 1447415166374, '127.0.0.1', 'xiyou'),
	(100, '登录系统', 1447638619162, '127.0.0.1', 'xiyou'),
	(101, '登录系统', 1447638634102, '127.0.0.1', 'admin'),
	(102, '登录系统', 1447639108933, '127.0.0.1', 'xiyou'),
	(103, '登录系统', 1447639672687, '127.0.0.1', 'xiyou'),
	(104, '登录系统', 1447639673237, '127.0.0.1', 'xiyou'),
	(105, '登录系统', 1447641086885, '127.0.0.1', 'xiyou'),
	(106, '登录系统', 1447641301999, '127.0.0.1', 'xiyou'),
	(107, '登录系统', 1447641850321, '127.0.0.1', 'xiyou'),
	(108, '登录系统', 1447642019640, '127.0.0.1', 'xiyou'),
	(109, '登录系统', 1447642166453, '127.0.0.1', 'xiyou'),
	(110, '登录系统', 1447642416929, '127.0.0.1', 'xiyou'),
	(111, '登录系统', 1447643301208, '127.0.0.1', 'xiyou'),
	(112, '登录系统', 1447643301470, '127.0.0.1', 'xiyou'),
	(113, '登录系统', 1447643587316, '127.0.0.1', 'xiyou'),
	(114, '登录系统', 1447643759079, '127.0.0.1', 'xiyou'),
	(115, '登录系统', 1447643911179, '127.0.0.1', 'xiyou'),
	(116, '登录系统', 1447644063457, '127.0.0.1', 'xiyou'),
	(117, '登录系统', 1447644239019, '127.0.0.1', 'xiyou'),
	(118, '登录系统', 1447644939193, '127.0.0.1', 'xiyou'),
	(119, '登录系统', 1447645383850, '127.0.0.1', 'xiyou'),
	(120, '登录系统', 1447645669805, '127.0.0.1', 'xiyou'),
	(121, '登录系统', 1447645878465, '127.0.0.1', 'xiyou'),
	(122, '登录系统', 1447645924372, '127.0.0.1', 'xiyou'),
	(123, '登录系统', 1447645977028, '127.0.0.1', 'xiyou'),
	(124, '登录系统', 1447646111996, '127.0.0.1', 'xiyou'),
	(125, '登录系统', 1447646112275, '127.0.0.1', 'xiyou'),
	(126, '登录系统', 1447646136758, '127.0.0.1', 'xiyou'),
	(127, '登录系统', 1447646195137, '127.0.0.1', 'xiyou'),
	(128, '登录系统', 1447646219041, '127.0.0.1', 'xiyou'),
	(129, '登录系统', 1447646256509, '127.0.0.1', 'xiyou'),
	(130, '登录系统', 1447646345152, '127.0.0.1', 'xiyou'),
	(131, '登录系统', 1447658331848, '127.0.0.1', 'xiyou'),
	(132, '登录系统', 1447658424932, '127.0.0.1', 'xiyou'),
	(133, '登录系统', 1447663124921, '127.0.0.1', 'xiyou'),
	(134, '登录系统', 1447664202200, '127.0.0.1', 'admin'),
	(135, '登录系统', 1447664274686, '127.0.0.1', 'xiyou'),
	(136, '登录系统', 1447664476113, '127.0.0.1', 'admin'),
	(137, '登录系统', 1447665138760, '127.0.0.1', 'xiyou'),
	(138, '登录系统', 1447667455274, '127.0.0.1', 'xiyou'),
	(139, '登录系统', 1447667455557, '127.0.0.1', 'xiyou'),
	(140, '登录系统', 1447667878254, '127.0.0.1', 'xiyou'),
	(141, '登录系统', 1447668285673, '127.0.0.1', 'xiyou'),
	(142, '登录系统', 1447669312441, '127.0.0.1', 'xiyou'),
	(143, '登录系统', 1447669884168, '127.0.0.1', 'xiyou'),
	(144, '登录系统', 1447681969812, '127.0.0.1', 'xiyou'),
	(145, '登录系统', 1447745635058, '127.0.0.1', 'xiyou'),
	(146, '登录系统', 1447745783247, '127.0.0.1', 'admin'),
	(147, '区服管理', 1447745798181, '127.0.0.1', 'admin'),
	(148, '区服管理', 1447745803475, '127.0.0.1', 'admin'),
	(149, '区服管理', 1447745808686, '127.0.0.1', 'admin'),
	(150, '区服管理', 1447745832633, '127.0.0.1', 'admin'),
	(151, '用户管理', 1447746664673, '127.0.0.1', 'admin'),
	(152, '权限管理', 1447746671698, '127.0.0.1', 'admin'),
	(153, '用户管理', 1447746702780, '127.0.0.1', 'admin'),
	(154, '角色管理', 1447746704802, '127.0.0.1', 'admin'),
	(155, '权限管理', 1447746752409, '127.0.0.1', 'admin'),
	(156, '权限管理', 1447746760075, '127.0.0.1', 'admin'),
	(157, '分配权限', 1447746838216, '127.0.0.1', 'admin'),
	(158, '登录系统', 1447746850590, '127.0.0.1', 'xiyou'),
	(159, '登录系统', 1447746903638, '127.0.0.1', 'admin'),
	(160, '用户管理', 1447746906556, '127.0.0.1', 'admin'),
	(161, '权限管理', 1447746932829, '127.0.0.1', 'admin'),
	(162, '用户管理', 1447746934827, '127.0.0.1', 'admin'),
	(163, '角色管理', 1447746936964, '127.0.0.1', 'admin'),
	(164, '分配权限', 1447746952688, '127.0.0.1', 'admin'),
	(165, '登录系统', 1447746961413, '127.0.0.1', 'xiyou'),
	(166, '登录系统', 1447747586896, '127.0.0.1', 'admin'),
	(167, '区服管理', 1447747616784, '127.0.0.1', 'admin'),
	(168, '区服管理', 1447747623416, '127.0.0.1', 'admin'),
	(169, '登录系统', 1447747677818, '127.0.0.1', 'xiyou'),
	(170, '登录系统', 1447747679562, '127.0.0.1', 'xiyou'),
	(171, '登录系统', 1447747680919, '127.0.0.1', 'xiyou'),
	(172, '登录系统', 1447747693293, '127.0.0.1', 'xiyou'),
	(173, '登录系统', 1447747723378, '127.0.0.1', 'xiyou'),
	(174, '登录系统', 1447747925109, '127.0.0.1', 'xiyou'),
	(175, '登录系统', 1447749000032, '127.0.0.1', 'xiyou'),
	(176, '登录系统', 1447749195001, '127.0.0.1', 'xiyou'),
	(177, '登录系统', 1447749534562, '127.0.0.1', 'admin'),
	(178, '登录系统', 1447749557144, '127.0.0.1', 'xiyou'),
	(179, '登录系统', 1447752021712, '127.0.0.1', 'xiyou'),
	(180, '登录系统', 1447752656884, '127.0.0.1', 'xiyou'),
	(181, '登录系统', 1447752843261, '127.0.0.1', 'xiyou'),
	(182, '登录系统', 1447752843509, '127.0.0.1', 'xiyou'),
	(183, '登录系统', 1447752934273, '127.0.0.1', 'xiyou'),
	(184, '登录系统', 1447753032431, '127.0.0.1', 'xiyou'),
	(185, '登录系统', 1447753313291, '127.0.0.1', 'xiyou'),
	(186, '登录系统', 1447753313538, '127.0.0.1', 'xiyou'),
	(187, '登录系统', 1447754208749, '127.0.0.1', 'xiyou'),
	(188, '登录系统', 1447754610850, '127.0.0.1', 'xiyou'),
	(189, '登录系统', 1447755885763, '127.0.0.1', 'xiyou'),
	(190, '登录系统', 1447815019382, '127.0.0.1', 'xiyou'),
	(191, '登录系统', 1447819811778, '127.0.0.1', 'xiyou'),
	(192, '登录系统', 1447822412799, '127.0.0.1', 'xiyou'),
	(193, '登录系统', 1447825592334, '127.0.0.1', 'xiyou'),
	(194, '登录系统', 1447825631198, '127.0.0.1', 'xiyou'),
	(195, '登录系统', 1447825715802, '127.0.0.1', 'xiyou'),
	(196, '登录系统', 1447825935820, '127.0.0.1', 'xiyou'),
	(197, '登录系统', 1447827222117, '127.0.0.1', 'xiyou'),
	(198, '登录系统', 1447896817870, '127.0.0.1', 'xiyou'),
	(199, '登录系统', 1447902129210, '127.0.0.1', 'xiyou'),
	(200, '登录系统', 1447902704282, '127.0.0.1', 'xiyou'),
	(201, '登录系统', 1447903335383, '127.0.0.1', 'xiyou'),
	(202, '登录系统', 1447903567113, '127.0.0.1', 'xiyou'),
	(203, '登录系统', 1447903567318, '127.0.0.1', 'xiyou'),
	(204, '登录系统', 1447903718307, '127.0.0.1', 'xiyou'),
	(205, '登录系统', 1447903799141, '127.0.0.1', 'xiyou'),
	(206, '登录系统', 1447903948280, '127.0.0.1', 'xiyou'),
	(207, '登录系统', 1447904224820, '127.0.0.1', 'xiyou'),
	(208, '登录系统', 1447904309151, '127.0.0.1', 'xiyou'),
	(209, '登录系统', 1447904482528, '127.0.0.1', 'xiyou'),
	(210, '登录系统', 1447905012136, '127.0.0.1', 'xiyou'),
	(211, '登录系统', 1447911542367, '127.0.0.1', 'xiyou'),
	(212, '登录系统', 1447911671438, '127.0.0.1', 'xiyou'),
	(213, '登录系统', 1447911774242, '127.0.0.1', 'xiyou'),
	(214, '登录系统', 1447911863241, '127.0.0.1', 'xiyou'),
	(215, '登录系统', 1447912012368, '127.0.0.1', 'xiyou'),
	(216, '登录系统', 1447912262019, '127.0.0.1', 'xiyou'),
	(217, '登录系统', 1447912500091, '127.0.0.1', 'xiyou'),
	(218, '登录系统', 1447912617833, '127.0.0.1', 'xiyou'),
	(219, '登录系统', 1447913313420, '127.0.0.1', 'xiyou'),
	(220, '登录系统', 1447913545086, '127.0.0.1', 'xiyou'),
	(221, '登录系统', 1447913619437, '127.0.0.1', 'admin'),
	(222, '登录系统', 1447913627085, '127.0.0.1', 'xiyou'),
	(223, '登录系统', 1447913821506, '127.0.0.1', 'xiyou'),
	(224, '登录系统', 1447913937235, '127.0.0.1', 'xiyou'),
	(225, '登录系统', 1447914222396, '127.0.0.1', 'xiyou'),
	(226, '登录系统', 1447914262192, '127.0.0.1', 'xiyou'),
	(227, '登录系统', 1447914337278, '127.0.0.1', 'xiyou'),
	(228, '登录系统', 1447914573978, '127.0.0.1', 'xiyou'),
	(229, '登录系统', 1447914851828, '127.0.0.1', 'xiyou'),
	(230, '登录系统', 1447914852028, '127.0.0.1', 'xiyou'),
	(231, '登录系统', 1447914924903, '127.0.0.1', 'xiyou'),
	(232, '登录系统', 1447914982928, '127.0.0.1', 'xiyou'),
	(233, '登录系统', 1447915519529, '127.0.0.1', 'xiyou'),
	(234, '登录系统', 1447915562189, '127.0.0.1', 'xiyou'),
	(235, '登录系统', 1447915773632, '127.0.0.1', 'xiyou'),
	(236, '登录系统', 1447918396327, '127.0.0.1', 'xiyou'),
	(237, '登录系统', 1447918396532, '127.0.0.1', 'xiyou'),
	(238, '登录系统', 1447918654339, '127.0.0.1', 'xiyou'),
	(239, '登录系统', 1447919022285, '127.0.0.1', 'xiyou'),
	(240, '登录系统', 1447919087143, '127.0.0.1', 'xiyou'),
	(241, '登录系统', 1447919272777, '127.0.0.1', 'xiyou'),
	(242, '登录系统', 1447919363593, '127.0.0.1', 'xiyou'),
	(243, '登录系统', 1447919666751, '127.0.0.1', 'xiyou'),
	(244, '登录系统', 1447920379503, '127.0.0.1', 'xiyou'),
	(245, '登录系统', 1447920524690, '127.0.0.1', 'xiyou'),
	(246, '登录系统', 1447921222451, '127.0.0.1', 'xiyou'),
	(247, '登录系统', 1447921928052, '127.0.0.1', 'xiyou'),
	(248, '登录系统', 1447921979484, '127.0.0.1', 'xiyou'),
	(249, '登录系统', 1447922262267, '127.0.0.1', 'xiyou'),
	(250, '登录系统', 1447922262499, '127.0.0.1', 'xiyou'),
	(251, '登录系统', 1447923615855, '127.0.0.1', 'xiyou'),
	(252, '登录系统', 1447923787015, '127.0.0.1', 'xiyou'),
	(253, '登录系统', 1447924003552, '127.0.0.1', 'xiyou'),
	(254, '登录系统', 1447924003780, '127.0.0.1', 'xiyou'),
	(255, '登录系统', 1447924265442, '127.0.0.1', 'xiyou'),
	(256, '登录系统', 1447924601142, '127.0.0.1', 'xiyou'),
	(257, '登录系统', 1447924748388, '127.0.0.1', 'xiyou'),
	(258, '登录系统', 1447924934179, '127.0.0.1', 'xiyou'),
	(259, '登录系统', 1447925030287, '127.0.0.1', 'xiyou'),
	(260, '登录系统', 1447925125943, '127.0.0.1', 'xiyou'),
	(261, '登录系统', 1447925245864, '127.0.0.1', 'xiyou'),
	(262, '登录系统', 1447925322219, '127.0.0.1', 'xiyou'),
	(263, '登录系统', 1447925632463, '127.0.0.1', 'xiyou'),
	(264, '登录系统', 1447925747039, '127.0.0.1', 'xiyou'),
	(265, '登录系统', 1447926036205, '127.0.0.1', 'xiyou'),
	(266, '登录系统', 1447926059146, '127.0.0.1', 'xiyou'),
	(267, '登录系统', 1447926370356, '127.0.0.1', 'xiyou'),
	(268, '登录系统', 1447926997007, '127.0.0.1', 'xiyou'),
	(269, '登录系统', 1447927075711, '127.0.0.1', 'xiyou'),
	(270, '登录系统', 1447927441551, '127.0.0.1', 'xiyou'),
	(271, '登录系统', 1447927495770, '127.0.0.1', 'xiyou'),
	(272, '登录系统', 1447927679150, '127.0.0.1', 'xiyou'),
	(273, '登录系统', 1447927720829, '127.0.0.1', 'xiyou'),
	(274, '登录系统', 1447927835939, '127.0.0.1', 'xiyou'),
	(275, '登录系统', 1447927835935, '127.0.0.1', 'xiyou'),
	(276, '登录系统', 1447927903422, '127.0.0.1', 'xiyou'),
	(277, '登录系统', 1447928170274, '127.0.0.1', 'xiyou'),
	(278, '登录系统', 1447928218955, '127.0.0.1', 'xiyou'),
	(279, '登录系统', 1447929266595, '127.0.0.1', 'xiyou'),
	(280, '登录系统', 1447929551449, '127.0.0.1', 'xiyou'),
	(281, '登录系统', 1447983421299, '127.0.0.1', 'xiyou'),
	(282, '登录系统', 1447983799994, '127.0.0.1', 'xiyou'),
	(283, '登录系统', 1447989897179, '127.0.0.1', 'xiyou'),
	(284, '登录系统', 1447989989933, '127.0.0.1', 'xiyou'),
	(285, '登录系统', 1447990017896, '127.0.0.1', 'xiyou'),
	(286, '登录系统', 1447990305336, '127.0.0.1', 'xiyou'),
	(287, '登录系统', 1447990415178, '127.0.0.1', 'xiyou'),
	(288, '登录系统', 1447990444481, '127.0.0.1', 'xiyou'),
	(289, '登录系统', 1447991419828, '127.0.0.1', 'xiyou'),
	(290, '登录系统', 1447991468876, '127.0.0.1', 'xiyou'),
	(291, '登录系统', 1447991566439, '127.0.0.1', 'xiyou'),
	(292, '登录系统', 1447991620056, '127.0.0.1', 'xiyou'),
	(293, '登录系统', 1447991666017, '127.0.0.1', 'xiyou'),
	(294, '登录系统', 1447991740055, '127.0.0.1', 'xiyou'),
	(295, '登录系统', 1447991762952, '127.0.0.1', 'xiyou'),
	(296, '登录系统', 1447991804351, '127.0.0.1', 'xiyou'),
	(297, '登录系统', 1447991838198, '127.0.0.1', 'xiyou'),
	(298, '登录系统', 1447991972371, '127.0.0.1', 'xiyou'),
	(299, '登录系统', 1447991972593, '127.0.0.1', 'xiyou'),
	(300, '登录系统', 1447992021076, '127.0.0.1', 'xiyou'),
	(301, '登录系统', 1447992031586, '127.0.0.1', 'xiyou'),
	(302, '登录系统', 1447992054391, '127.0.0.1', 'xiyou'),
	(303, '登录系统', 1447992147177, '127.0.0.1', 'xiyou'),
	(304, '登录系统', 1447992180850, '127.0.0.1', 'xiyou'),
	(305, '登录系统', 1447992241653, '127.0.0.1', 'xiyou'),
	(306, '登录系统', 1447992293307, '127.0.0.1', 'xiyou'),
	(307, '登录系统', 1447992355612, '127.0.0.1', 'xiyou'),
	(308, '登录系统', 1447992422062, '127.0.0.1', 'xiyou'),
	(309, '登录系统', 1447992554788, '127.0.0.1', 'xiyou'),
	(310, '登录系统', 1447992635187, '127.0.0.1', 'xiyou'),
	(311, '登录系统', 1447992715424, '127.0.0.1', 'xiyou'),
	(312, '登录系统', 1447992758546, '127.0.0.1', 'xiyou'),
	(313, '登录系统', 1447994610246, '127.0.0.1', 'xiyou'),
	(314, '登录系统', 1447994668729, '127.0.0.1', 'xiyou'),
	(315, '登录系统', 1447997918398, '127.0.0.1', 'xiyou'),
	(316, '登录系统', 1447997924550, '127.0.0.1', 'xiyou'),
	(317, '登录系统', 1447998280283, '127.0.0.1', 'xiyou'),
	(318, '登录系统', 1447998404506, '127.0.0.1', 'xiyou'),
	(319, '登录系统', 1447999039895, '127.0.0.1', 'xiyou'),
	(320, '登录系统', 1447999265351, '127.0.0.1', 'xiyou'),
	(321, '登录系统', 1448001838258, '127.0.0.1', 'xiyou'),
	(322, '登录系统', 1448002085967, '127.0.0.1', 'xiyou'),
	(323, '登录系统', 1448005724073, '127.0.0.1', 'xiyou'),
	(324, '登录系统', 1448007001354, '127.0.0.1', 'xiyou'),
	(325, '登录系统', 1448007260858, '127.0.0.1', 'xiyou'),
	(326, '登录系统', 1448007372942, '127.0.0.1', 'xiyou'),
	(327, '登录系统', 1448007459333, '127.0.0.1', 'xiyou'),
	(328, '登录系统', 1448007459536, '127.0.0.1', 'xiyou'),
	(329, '登录系统', 1448008566329, '127.0.0.1', 'xiyou'),
	(330, '登录系统', 1448008614403, '127.0.0.1', 'xiyou'),
	(331, '登录系统', 1448008728281, '127.0.0.1', 'xiyou'),
	(332, '登录系统', 1448009595359, '127.0.0.1', 'xiyou'),
	(333, '登录系统', 1448009769510, '127.0.0.1', 'xiyou'),
	(334, '登录系统', 1448010758819, '127.0.0.1', 'xiyou'),
	(335, '登录系统', 1448011023433, '127.0.0.1', 'xiyou'),
	(336, '登录系统', 1448013163557, '127.0.0.1', 'xiyou'),
	(337, '登录系统', 1448013376038, '127.0.0.1', 'xiyou'),
	(338, '登录系统', 1448013513900, '127.0.0.1', 'xiyou'),
	(339, '登录系统', 1448015000392, '127.0.0.1', 'xiyou'),
	(340, '登录系统', 1448015969762, '127.0.0.1', 'xiyou'),
	(341, '登录系统', 1448016265540, '127.0.0.1', 'xiyou'),
	(342, '登录系统', 1448016602300, '127.0.0.1', 'xiyou'),
	(343, '登录系统', 1448016722930, '127.0.0.1', 'xiyou'),
	(344, '登录系统', 1448017956363, '127.0.0.1', 'xiyou'),
	(345, '登录系统', 1448018186560, '127.0.0.1', 'xiyou'),
	(346, '登录系统', 1448018454989, '127.0.0.1', 'xiyou'),
	(347, '登录系统', 1448019337613, '127.0.0.1', 'xiyou'),
	(348, '登录系统', 1448019564837, '127.0.0.1', 'xiyou'),
	(349, '登录系统', 1448019754014, '127.0.0.1', 'xiyou'),
	(350, '登录系统', 1448241970606, '127.0.0.1', 'xiyou'),
	(351, '登录系统', 1448336572591, '127.0.0.1', 'xiyou'),
	(352, '登录系统', 1448614388716, '127.0.0.1', 'xiyou'),
	(353, '登录系统', 1448614688677, '127.0.0.1', 'xiyou'),
	(354, '登录系统', 1448614916862, '127.0.0.1', 'xiyou'),
	(355, '登录系统', 1448615060177, '127.0.0.1', 'xiyou'),
	(356, '登录系统', 1448615449983, '127.0.0.1', 'xiyou'),
	(357, '登录系统', 1448615510986, '127.0.0.1', 'xiyou'),
	(358, '登录系统', 1448615749473, '127.0.0.1', 'xiyou'),
	(359, '登录系统', 1448616324512, '127.0.0.1', 'xiyou'),
	(360, '登录系统', 1448630991620, '127.0.0.1', 'xiyou'),
	(361, '登录系统', 1448633328844, '127.0.0.1', 'xiyou'),
	(362, '登录系统', 1448633430111, '127.0.0.1', 'xiyou'),
	(363, '登录系统', 1448633655583, '127.0.0.1', 'xiyou'),
	(364, '登录系统', 1448634157995, '127.0.0.1', 'xiyou'),
	(365, '登录系统', 1448634376099, '127.0.0.1', 'xiyou'),
	(366, '登录系统', 1448679580368, '127.0.0.1', 'xiyou'),
	(367, '登录系统', 1448680034716, '127.0.0.1', 'xiyou'),
	(368, '登录系统', 1448681630384, '127.0.0.1', 'xiyou'),
	(369, '登录系统', 1448681737612, '127.0.0.1', 'xiyou'),
	(370, '登录系统', 1448681912164, '127.0.0.1', 'xiyou'),
	(371, '登录系统', 1448682378015, '127.0.0.1', 'xiyou'),
	(372, '登录系统', 1448683389976, '127.0.0.1', 'xiyou'),
	(373, '登录系统', 1448683694976, '127.0.0.1', 'xiyou'),
	(374, '登录系统', 1448684053614, '127.0.0.1', 'xiyou'),
	(375, '登录系统', 1448684288921, '127.0.0.1', 'xiyou'),
	(376, '登录系统', 1448684624687, '127.0.0.1', 'xiyou'),
	(377, '登录系统', 1448685156910, '127.0.0.1', 'xiyou'),
	(378, '登录系统', 1448685747410, '127.0.0.1', 'xiyou'),
	(379, '登录系统', 1448686245757, '127.0.0.1', 'xiyou'),
	(380, '登录系统', 1448686658277, '127.0.0.1', 'xiyou'),
	(381, '登录系统', 1448686894507, '127.0.0.1', 'xiyou'),
	(382, '登录系统', 1448687138987, '127.0.0.1', 'xiyou'),
	(383, '登录系统', 1448687394557, '127.0.0.1', 'xiyou'),
	(384, '登录系统', 1448687656575, '127.0.0.1', 'xiyou'),
	(385, '登录系统', 1448688378672, '127.0.0.1', 'xiyou'),
	(386, '登录系统', 1448688551487, '127.0.0.1', 'xiyou'),
	(387, '登录系统', 1448690190764, '127.0.0.1', 'xiyou'),
	(388, '登录系统', 1448692093468, '127.0.0.1', 'xiyou'),
	(389, '登录系统', 1448692511214, '127.0.0.1', 'xiyou'),
	(390, '登录系统', 1448692756968, '127.0.0.1', 'xiyou'),
	(391, '登录系统', 1448692905268, '127.0.0.1', 'xiyou'),
	(392, '登录系统', 1448693530922, '127.0.0.1', 'xiyou'),
	(393, '登录系统', 1448694137073, '127.0.0.1', 'xiyou'),
	(394, '登录系统', 1448694275317, '127.0.0.1', 'xiyou'),
	(395, '登录系统', 1448694573048, '127.0.0.1', 'xiyou'),
	(396, '登录系统', 1448694718683, '127.0.0.1', 'xiyou'),
	(397, '登录系统', 1448696932847, '127.0.0.1', 'xiyou'),
	(398, '登录系统', 1448698193002, '127.0.0.1', 'xiyou'),
	(399, '登录系统', 1448700085033, '127.0.0.1', 'xiyou'),
	(400, '登录系统', 1448700116187, '127.0.0.1', 'xiyou'),
	(401, '登录系统', 1448700165401, '127.0.0.1', 'xiyou'),
	(402, '登录系统', 1448700222247, '127.0.0.1', 'xiyou'),
	(403, '登录系统', 1448700291009, '127.0.0.1', 'xiyou'),
	(404, '登录系统', 1448700402203, '127.0.0.1', 'xiyou'),
	(405, '登录系统', 1448700465186, '127.0.0.1', 'xiyou'),
	(406, '登录系统', 1448700481860, '127.0.0.1', 'xiyou'),
	(407, '登录系统', 1448700526590, '127.0.0.1', 'xiyou'),
	(408, '登录系统', 1448700752742, '127.0.0.1', 'xiyou'),
	(409, '登录系统', 1448702378735, '127.0.0.1', 'xiyou'),
	(410, '登录系统', 1448704442616, '127.0.0.1', 'xiyou'),
	(411, '登录系统', 1448704757352, '127.0.0.1', 'xiyou'),
	(412, '登录系统', 1448705246818, '127.0.0.1', 'xiyou'),
	(413, '登录系统', 1448706124149, '127.0.0.1', 'xiyou'),
	(414, '登录系统', 1448706341991, '127.0.0.1', 'xiyou'),
	(415, '登录系统', 1448706578882, '127.0.0.1', 'xiyou'),
	(416, '登录系统', 1448706689018, '127.0.0.1', 'xiyou'),
	(417, '登录系统', 1448707044264, '127.0.0.1', 'xiyou'),
	(418, '登录系统', 1448707329913, '127.0.0.1', 'xiyou'),
	(419, '登录系统', 1448707382556, '127.0.0.1', 'xiyou'),
	(420, '登录系统', 1448707538962, '127.0.0.1', 'xiyou'),
	(421, '登录系统', 1448758976817, '127.0.0.1', 'xiyou'),
	(422, '登录系统', 1448760095949, '127.0.0.1', 'xiyou'),
	(423, '登录系统', 1448760159313, '127.0.0.1', 'xiyou'),
	(424, '登录系统', 1448760267050, '127.0.0.1', 'xiyou'),
	(425, '登录系统', 1448760669967, '127.0.0.1', 'xiyou'),
	(426, '登录系统', 1448761401231, '127.0.0.1', 'xiyou'),
	(427, '登录系统', 1448762155471, '127.0.0.1', 'xiyou'),
	(428, '登录系统', 1448762364017, '127.0.0.1', 'xiyou'),
	(429, '登录系统', 1448762664057, '127.0.0.1', 'xiyou'),
	(430, '登录系统', 1448763457051, '127.0.0.1', 'xiyou'),
	(431, '登录系统', 1448764372360, '127.0.0.1', 'xiyou'),
	(432, '登录系统', 1448765110091, '127.0.0.1', 'xiyou'),
	(433, '登录系统', 1448765710098, '127.0.0.1', 'xiyou'),
	(434, '登录系统', 1448768885510, '127.0.0.1', 'admin'),
	(435, '登录系统', 1448769060639, '127.0.0.1', 'admin'),
	(436, '用户管理', 1448769068807, '127.0.0.1', 'admin'),
	(437, '角色管理', 1448771536413, '127.0.0.1', 'admin'),
	(438, '登录系统', 1448775974010, '127.0.0.1', 'xiyou'),
	(439, '登录系统', 1448775983670, '127.0.0.1', 'admin'),
	(440, '用户管理', 1448775987191, '127.0.0.1', 'admin'),
	(441, '登录系统', 1448777232530, '127.0.0.1', 'admin'),
	(442, '登录系统', 1448777304244, '127.0.0.1', 'admin'),
	(443, '登录系统', 1448777446176, '127.0.0.1', 'admin'),
	(444, '登录系统', 1448777476438, '127.0.0.1', 'admin'),
	(445, '登录系统', 1448777518122, '127.0.0.1', 'admin'),
	(446, '登录系统', 1448777793625, '127.0.0.1', 'admin'),
	(447, '登录系统', 1448778036780, '127.0.0.1', 'admin'),
	(448, '登录系统', 1448778108315, '127.0.0.1', 'admin'),
	(449, '登录系统', 1448778209443, '127.0.0.1', 'admin'),
	(450, '用户管理', 1448778301559, '127.0.0.1', 'admin'),
	(451, '登录系统', 1448778593716, '127.0.0.1', 'admin'),
	(452, '登录系统', 1448778744566, '127.0.0.1', 'admin'),
	(453, '登录系统', 1448779018883, '127.0.0.1', 'admin'),
	(454, '登录系统', 1448779285801, '127.0.0.1', 'admin'),
	(455, '登录系统', 1448779468998, '127.0.0.1', 'admin'),
	(456, '登录系统', 1448848849612, '127.0.0.1', 'admin'),
	(457, '登录系统', 1448849481870, '127.0.0.1', 'admin'),
	(458, '登录系统', 1448849550653, '127.0.0.1', 'admin'),
	(459, '登录系统', 1448850024984, '127.0.0.1', 'admin'),
	(460, '登录系统', 1448850077481, '127.0.0.1', 'admin'),
	(461, '登录系统', 1448850130394, '127.0.0.1', 'admin'),
	(462, '登录系统', 1448851375304, '127.0.0.1', 'admin'),
	(463, '登录系统', 1448851890795, '127.0.0.1', 'admin'),
	(464, '登录系统', 1448852071501, '127.0.0.1', 'admin'),
	(465, '登录系统', 1448852187746, '127.0.0.1', 'admin'),
	(466, '登录系统', 1448853057983, '127.0.0.1', 'admin'),
	(467, '登录系统', 1448853229037, '127.0.0.1', 'admin'),
	(468, '登录系统', 1448853380423, '127.0.0.1', 'admin'),
	(469, '登录系统', 1448855590702, '127.0.0.1', 'admin'),
	(470, '登录系统', 1448855681534, '127.0.0.1', 'xiyou'),
	(471, '登录系统', 1448856814127, '127.0.0.1', 'xiyou'),
	(472, '登录系统', 1448856924378, '127.0.0.1', 'xiyou'),
	(473, '登录系统', 1448862100064, '127.0.0.1', 'xiyou'),
	(474, '登录系统', 1448862164142, '127.0.0.1', 'xiyou'),
	(475, '登录系统', 1448862549927, '127.0.0.1', 'xiyou'),
	(476, '登录系统', 1448862564863, '127.0.0.1', 'xiyou'),
	(477, '登录系统', 1448866442935, '127.0.0.1', 'xiyou'),
	(478, '登录系统', 1448866665446, '127.0.0.1', 'xiyou'),
	(479, '登录系统', 1448866825554, '127.0.0.1', 'xiyou'),
	(480, '登录系统', 1448867351595, '127.0.0.1', 'xiyou'),
	(481, '登录系统', 1448867462500, '127.0.0.1', 'xiyou'),
	(482, '登录系统', 1448891421403, '127.0.0.1', 'xiyou'),
	(483, '登录系统', 1448891608374, '127.0.0.1', 'xiyou'),
	(484, '登录系统', 1448891716292, '127.0.0.1', 'xiyou'),
	(485, '登录系统', 1448892253250, '127.0.0.1', 'xiyou'),
	(486, '登录系统', 1448892449847, '127.0.0.1', 'xiyou'),
	(487, '登录系统', 1448892837455, '127.0.0.1', 'xiyou'),
	(488, '登录系统', 1448893290170, '127.0.0.1', 'xiyou'),
	(489, '登录系统', 1448893468609, '127.0.0.1', 'xiyou'),
	(490, '登录系统', 1448893734092, '127.0.0.1', 'xiyou'),
	(491, '登录系统', 1448893842327, '127.0.0.1', 'xiyou'),
	(492, '登录系统', 1448893870644, '127.0.0.1', 'xiyou'),
	(493, '登录系统', 1448893946503, '127.0.0.1', 'xiyou'),
	(494, '登录系统', 1448894034469, '127.0.0.1', 'xiyou'),
	(495, '登录系统', 1448894196277, '127.0.0.1', 'xiyou'),
	(496, '登录系统', 1448935720461, '127.0.0.1', 'xiyou'),
	(497, '登录系统', 1448936220462, '127.0.0.1', 'xiyou'),
	(498, '登录系统', 1448936866933, '127.0.0.1', 'xiyou'),
	(499, '登录系统', 1448937301964, '127.0.0.1', 'xiyou'),
	(500, '登录系统', 1448940644705, '127.0.0.1', 'xiyou'),
	(501, '登录系统', 1448940786119, '127.0.0.1', 'xiyou'),
	(502, '登录系统', 1448941199865, '127.0.0.1', 'xiyou'),
	(503, '登录系统', 1448941268748, '127.0.0.1', 'xiyou'),
	(504, '登录系统', 1448941625152, '127.0.0.1', 'xiyou'),
	(505, '登录系统', 1448941705723, '127.0.0.1', 'xiyou'),
	(506, '登录系统', 1448941740141, '127.0.0.1', 'xiyou'),
	(507, '登录系统', 1448941851084, '127.0.0.1', 'xiyou'),
	(508, '登录系统', 1448949183912, '127.0.0.1', 'xiyou'),
	(509, '登录系统', 1448949236661, '127.0.0.1', 'xiyou'),
	(510, '登录系统', 1448950401231, '127.0.0.1', 'xiyou'),
	(511, '登录系统', 1448950636883, '127.0.0.1', 'xiyou'),
	(512, '登录系统', 1448950734062, '127.0.0.1', 'xiyou'),
	(513, '登录系统', 1448950818788, '127.0.0.1', 'xiyou'),
	(514, '登录系统', 1448951072802, '127.0.0.1', 'xiyou'),
	(515, '登录系统', 1448951293372, '127.0.0.1', 'xiyou'),
	(516, '登录系统', 1448951447417, '127.0.0.1', 'xiyou'),
	(517, '登录系统', 1448953156966, '127.0.0.1', 'xiyou'),
	(518, '登录系统', 1448955181878, '127.0.0.1', 'xiyou'),
	(519, '登录系统', 1448955260276, '127.0.0.1', 'xiyou'),
	(520, '登录系统', 1448957661888, '127.0.0.1', 'xiyou'),
	(521, '登录系统', 1448957816241, '127.0.0.1', 'xiyou'),
	(522, '登录系统', 1448957899169, '127.0.0.1', 'xiyou'),
	(523, '登录系统', 1448958034370, '127.0.0.1', 'xiyou'),
	(524, '登录系统', 1448958225664, '127.0.0.1', 'xiyou'),
	(525, '登录系统', 1448958283774, '127.0.0.1', 'xiyou'),
	(526, '登录系统', 1448958731773, '127.0.0.1', 'xiyou'),
	(527, '登录系统', 1448959180920, '127.0.0.1', 'xiyou'),
	(528, '登录系统', 1448959380375, '127.0.0.1', 'xiyou'),
	(529, '登录系统', 1448959521889, '127.0.0.1', 'xiyou'),
	(530, '登录系统', 1448962944155, '127.0.0.1', 'xiyou'),
	(531, '登录系统', 1448963044078, '127.0.0.1', 'xiyou'),
	(532, '登录系统', 1448963141936, '127.0.0.1', 'xiyou'),
	(533, '登录系统', 1448963211921, '127.0.0.1', 'xiyou'),
	(534, '登录系统', 1448963374885, '127.0.0.1', 'xiyou'),
	(535, '登录系统', 1448963531521, '127.0.0.1', 'xiyou'),
	(536, '登录系统', 1448963647205, '127.0.0.1', 'xiyou'),
	(537, '登录系统', 1448964060481, '127.0.0.1', 'xiyou'),
	(538, '登录系统', 1448964505111, '127.0.0.1', 'xiyou'),
	(539, '登录系统', 1448965520706, '127.0.0.1', 'xiyou'),
	(540, '登录系统', 1448965599618, '127.0.0.1', 'xiyou'),
	(541, '登录系统', 1448966063114, '127.0.0.1', 'xiyou'),
	(542, '登录系统', 1448966127758, '127.0.0.1', 'xiyou'),
	(543, '登录系统', 1448966201524, '127.0.0.1', 'xiyou'),
	(544, '登录系统', 1448973323598, '127.0.0.1', 'xiyou'),
	(545, '登录系统', 1448973488068, '127.0.0.1', 'xiyou'),
	(546, '登录系统', 1448973785791, '127.0.0.1', 'xiyou'),
	(547, '登录系统', 1448973959204, '127.0.0.1', 'xiyou'),
	(548, '登录系统', 1448977168157, '127.0.0.1', 'xiyou'),
	(549, '登录系统', 1448977333456, '127.0.0.1', 'xiyou'),
	(550, '登录系统', 1448978636978, '127.0.0.1', 'xiyou'),
	(551, '登录系统', 1448978884744, '127.0.0.1', 'xiyou'),
	(552, '登录系统', 1448979270036, '127.0.0.1', 'xiyou'),
	(553, '登录系统', 1448979354759, '127.0.0.1', 'xiyou'),
	(554, '登录系统', 1448979393402, '127.0.0.1', 'xiyou'),
	(555, '登录系统', 1448979706396, '127.0.0.1', 'xiyou'),
	(556, '登录系统', 1448979760351, '127.0.0.1', 'xiyou'),
	(557, '登录系统', 1448979836315, '127.0.0.1', 'xiyou'),
	(558, '登录系统', 1449048784523, '127.0.0.1', 'xiyou'),
	(559, '登录系统', 1449734401419, '127.0.0.1', 'xiyou'),
	(560, '登录系统', 1449734604735, '127.0.0.1', 'xiyou'),
	(561, '登录系统', 1449734714526, '127.0.0.1', 'xiyou'),
	(562, '登录系统', 1449734848366, '127.0.0.1', 'xiyou'),
	(563, '登录系统', 1449975916810, '127.0.0.1', 'xiyou'),
	(564, '登录系统', 1449976018688, '127.0.0.1', 'xiyou'),
	(565, '登录系统', 1449976137027, '127.0.0.1', 'xiyou'),
	(566, '登录系统', 1449982967294, '127.0.0.1', 'xiyou'),
	(567, '登录系统', 1449985928234, '127.0.0.1', 'xiyou'),
	(568, '登录系统', 1449986860844, '127.0.0.1', 'xiyou'),
	(569, '登录系统', 1449986911344, '127.0.0.1', 'xiyou'),
	(570, '登录系统', 1449987150576, '127.0.0.1', 'xiyou'),
	(571, '登录系统', 1449987205367, '127.0.0.1', 'xiyou'),
	(572, '登录系统', 1449987434165, '127.0.0.1', 'xiyou'),
	(573, '登录系统', 1449987548983, '127.0.0.1', 'xiyou'),
	(574, '登录系统', 1449987619016, '127.0.0.1', 'xiyou'),
	(575, '登录系统', 1449988082910, '127.0.0.1', 'xiyou'),
	(576, '登录系统', 1449988514615, '127.0.0.1', 'xiyou'),
	(577, '登录系统', 1449988748943, '127.0.0.1', 'xiyou'),
	(578, '登录系统', 1449990153666, '127.0.0.1', 'xiyou'),
	(579, '登录系统', 1449990755823, '127.0.0.1', 'xiyou'),
	(580, '登录系统', 1449990879521, '127.0.0.1', 'admin'),
	(581, '登录系统', 1449991074877, '127.0.0.1', 'xiyou'),
	(582, '登录系统', 1449991113723, '127.0.0.1', 'xiyou'),
	(583, '登录系统', 1449991354265, '127.0.0.1', 'xiyou'),
	(584, '登录系统', 1449991436384, '127.0.0.1', 'xiyou'),
	(585, '登录系统', 1449992060010, '127.0.0.1', 'xiyou'),
	(586, '登录系统', 1449992244247, '127.0.0.1', 'xiyou'),
	(587, '登录系统', 1449992931271, '127.0.0.1', 'xiyou'),
	(588, '登录系统', 1449993115652, '127.0.0.1', 'xiyou'),
	(589, '登录系统', 1449993251934, '127.0.0.1', 'xiyou'),
	(590, '登录系统', 1449993324923, '127.0.0.1', 'xiyou'),
	(591, '登录系统', 1449995241172, '127.0.0.1', 'xiyou'),
	(592, '登录系统', 1449995389181, '127.0.0.1', 'xiyou'),
	(593, '登录系统', 1449995461697, '127.0.0.1', 'xiyou'),
	(594, '登录系统', 1449995975886, '127.0.0.1', 'xiyou'),
	(595, '登录系统', 1449996925573, '127.0.0.1', 'xiyou'),
	(596, '登录系统', 1449996993540, '127.0.0.1', 'xiyou'),
	(597, '登录系统', 1449997082098, '127.0.0.1', 'xiyou'),
	(598, '登录系统', 1449997985639, '127.0.0.1', 'xiyou'),
	(599, '登录系统', 1449998124335, '127.0.0.1', 'xiyou'),
	(600, '登录系统', 1450056885264, '127.0.0.1', 'xiyou'),
	(601, '登录系统', 1450058254642, '127.0.0.1', 'xiyou'),
	(602, '登录系统', 1450077001503, '127.0.0.1', 'xiyou'),
	(603, '登录系统', 1450077282767, '127.0.0.1', 'xiyou'),
	(604, '登录系统', 1450077914300, '127.0.0.1', 'xiyou'),
	(605, '登录系统', 1450078087522, '127.0.0.1', 'xiyou'),
	(606, '登录系统', 1450078168662, '127.0.0.1', 'xiyou'),
	(607, '登录系统', 1450078357884, '127.0.0.1', 'xiyou'),
	(608, '登录系统', 1450078460798, '127.0.0.1', 'xiyou'),
	(609, '登录系统', 1450078553400, '127.0.0.1', 'xiyou'),
	(610, '登录系统', 1450078675374, '127.0.0.1', 'xiyou'),
	(611, '登录系统', 1450078683279, '127.0.0.1', 'xiyou'),
	(612, '登录系统', 1450079070431, '127.0.0.1', 'xiyou'),
	(613, '登录系统', 1450079246297, '127.0.0.1', 'xiyou'),
	(614, '登录系统', 1450079326812, '127.0.0.1', 'xiyou'),
	(615, '登录系统', 1450079686591, '127.0.0.1', 'xiyou'),
	(616, '登录系统', 1450079821564, '127.0.0.1', 'xiyou'),
	(617, '登录系统', 1450080130064, '127.0.0.1', 'xiyou'),
	(618, '登录系统', 1450080656229, '127.0.0.1', 'xiyou'),
	(619, '登录系统', 1450081017500, '127.0.0.1', 'xiyou'),
	(620, '登录系统', 1450081319481, '127.0.0.1', 'xiyou'),
	(621, '登录系统', 1450081715512, '127.0.0.1', 'xiyou'),
	(622, '登录系统', 1450081810428, '127.0.0.1', 'xiyou'),
	(623, '登录系统', 1450082181159, '127.0.0.1', 'xiyou'),
	(624, '登录系统', 1450082615976, '127.0.0.1', 'xiyou'),
	(625, '登录系统', 1450082842247, '127.0.0.1', 'xiyou'),
	(626, '登录系统', 1450083025664, '127.0.0.1', 'xiyou'),
	(627, '登录系统', 1450083219854, '127.0.0.1', 'xiyou'),
	(628, '登录系统', 1450083728553, '127.0.0.1', 'xiyou'),
	(629, '登录系统', 1450083845613, '127.0.0.1', 'xiyou'),
	(630, '登录系统', 1450083907207, '127.0.0.1', 'xiyou'),
	(631, '登录系统', 1450083932949, '127.0.0.1', 'xiyou'),
	(632, '登录系统', 1450083988314, '127.0.0.1', 'xiyou'),
	(633, '登录系统', 1450084029867, '127.0.0.1', 'xiyou'),
	(634, '登录系统', 1450085465154, '127.0.0.1', 'xiyou'),
	(635, '登录系统', 1450085566772, '127.0.0.1', 'xiyou'),
	(636, '登录系统', 1450091838534, '127.0.0.1', 'xiyou'),
	(637, '登录系统', 1450092139159, '127.0.0.1', 'xiyou'),
	(638, '登录系统', 1450095002127, '127.0.0.1', 'xiyou'),
	(639, '登录系统', 1450095134585, '127.0.0.1', 'xiyou'),
	(640, '登录系统', 1450095182038, '127.0.0.1', 'xiyou'),
	(641, '登录系统', 1450103136519, '127.0.0.1', 'xiyou'),
	(642, '登录系统', 1450103136805, '127.0.0.1', 'xiyou'),
	(643, '登录系统', 1450103137219, '127.0.0.1', 'xiyou'),
	(644, '登录系统', 1450103203155, '127.0.0.1', 'xiyou'),
	(645, '登录系统', 1450143522721, '127.0.0.1', 'xiyou'),
	(646, '登录系统', 1450143853151, '127.0.0.1', 'xiyou'),
	(647, '登录系统', 1450145766790, '127.0.0.1', 'xiyou'),
	(648, '登录系统', 1450145830403, '127.0.0.1', 'xiyou'),
	(649, '登录系统', 1450146088594, '127.0.0.1', 'xiyou'),
	(650, '登录系统', 1450146898033, '127.0.0.1', 'xiyou'),
	(651, '登录系统', 1450146990209, '127.0.0.1', 'xiyou'),
	(652, '登录系统', 1450172432923, '127.0.0.1', 'xiyou'),
	(653, '登录系统', 1450172698146, '127.0.0.1', 'xiyou'),
	(654, '登录系统', 1450172927464, '127.0.0.1', 'xiyou'),
	(655, '登录系统', 1450173145196, '192.168.1.6', 'xiyou'),
	(656, '登录系统', 1450173179031, '127.0.0.1', 'xiyou'),
	(657, '登录系统', 1450173193951, '192.168.1.22', 'xiyou'),
	(658, '登录系统', 1450173619650, '192.168.1.22', 'xiyou'),
	(659, '登录系统', 1450173703767, '192.168.1.22', 'xiyou'),
	(660, '登录系统', 1450173897228, '127.0.0.1', 'xiyou'),
	(661, '登录系统', 1450173988530, '127.0.0.1', 'xiyou'),
	(662, '登录系统', 1450174055929, '192.168.1.6', 'xiyou'),
	(663, '登录系统', 1450174089840, '192.168.1.22', 'xiyou'),
	(664, '登录系统', 1451232393664, '127.0.0.1', 'xiyou'),
	(665, '登录系统', 1451233417540, '127.0.0.1', 'xiyou'),
	(666, '登录系统', 1451109388954, '127.0.0.1', 'xiyou'),
	(667, '登录系统', 1451109959734, '127.0.0.1', 'xiyou'),
	(668, '登录系统', 1451113253303, '127.0.0.1', 'xiyou'),
	(669, '登录系统', 1451115046236, '127.0.0.1', 'xiyou'),
	(670, '登录系统', 1451118843807, '127.0.0.1', 'xiyou'),
	(671, '登录系统', 1451119015538, '127.0.0.1', 'xiyou'),
	(672, '登录系统', 1451119221314, '127.0.0.1', 'xiyou'),
	(673, '登录系统', 1451119390459, '127.0.0.1', 'xiyou'),
	(674, '登录系统', 1451119476404, '127.0.0.1', 'xiyou'),
	(675, '登录系统', 1451125218815, '127.0.0.1', 'xiyou'),
	(676, '登录系统', 1451125505980, '127.0.0.1', 'xiyou'),
	(677, '登录系统', 1451125785710, '127.0.0.1', 'xiyou'),
	(678, '登录系统', 1451125906770, '127.0.0.1', 'xiyou'),
	(679, '登录系统', 1451126278053, '127.0.0.1', 'xiyou'),
	(680, '登录系统', 1451127598540, '127.0.0.1', 'xiyou'),
	(681, '登录系统', 1451127752865, '127.0.0.1', 'xiyou'),
	(682, '登录系统', 1451128115407, '127.0.0.1', 'xiyou'),
	(683, '登录系统', 1451128407826, '127.0.0.1', 'xiyou'),
	(684, '登录系统', 1451128543794, '127.0.0.1', 'xiyou'),
	(685, '登录系统', 1451128641945, '127.0.0.1', 'xiyou'),
	(686, '登录系统', 1451128745057, '127.0.0.1', 'xiyou'),
	(687, '登录系统', 1451130238898, '127.0.0.1', 'xiyou'),
	(688, '登录系统', 1451130455809, '127.0.0.1', 'xiyou'),
	(689, '登录系统', 1451131710273, '127.0.0.1', 'xiyou'),
	(690, '登录系统', 1451131971471, '127.0.0.1', 'xiyou'),
	(691, '登录系统', 1451138608267, '127.0.0.1', 'xiyou'),
	(692, '登录系统', 1451138945014, '127.0.0.1', 'xiyou'),
	(693, '登录系统', 1451139303817, '127.0.0.1', 'xiyou'),
	(694, '登录系统', 1451140257330, '127.0.0.1', 'xiyou'),
	(695, '登录系统', 1451140636176, '127.0.0.1', 'xiyou'),
	(696, '登录系统', 1451140715529, '127.0.0.1', 'xiyou'),
	(697, '登录系统', 1451140774263, '127.0.0.1', 'xiyou'),
	(698, '登录系统', 1451140855904, '127.0.0.1', 'xiyou'),
	(699, '登录系统', 1451141074151, '127.0.0.1', 'xiyou'),
	(700, '登录系统', 1451141163538, '127.0.0.1', 'xiyou'),
	(701, '登录系统', 1451141204281, '127.0.0.1', 'xiyou'),
	(702, '登录系统', 1451141256686, '127.0.0.1', 'xiyou'),
	(703, '登录系统', 1451141381218, '127.0.0.1', 'xiyou'),
	(704, '登录系统', 1451141437688, '127.0.0.1', 'xiyou'),
	(705, '登录系统', 1451141510919, '127.0.0.1', 'xiyou'),
	(706, '登录系统', 1451141812241, '127.0.0.1', 'xiyou'),
	(707, '登录系统', 1451141860946, '127.0.0.1', 'xiyou'),
	(708, '登录系统', 1451141918877, '127.0.0.1', 'xiyou'),
	(709, '登录系统', 1451142018569, '127.0.0.1', 'xiyou'),
	(710, '登录系统', 1451142063214, '127.0.0.1', 'xiyou'),
	(711, '登录系统', 1451142181785, '127.0.0.1', 'xiyou'),
	(712, '登录系统', 1451266658623, '127.0.0.1', 'xiyou'),
	(713, '登录系统', 1451266935209, '127.0.0.1', 'xiyou'),
	(714, '登录系统', 1451267168505, '127.0.0.1', 'xiyou'),
	(715, '登录系统', 1451267266263, '127.0.0.1', 'xiyou'),
	(716, '登录系统', 1451267387261, '127.0.0.1', 'xiyou'),
	(717, '登录系统', 1451267732617, '127.0.0.1', 'xiyou'),
	(718, '登录系统', 1451267909811, '127.0.0.1', 'xiyou'),
	(719, '登录系统', 1451267995533, '127.0.0.1', 'xiyou'),
	(720, '登录系统', 1451268456573, '127.0.0.1', 'xiyou'),
	(721, '登录系统', 1451269047464, '127.0.0.1', 'xiyou'),
	(722, '登录系统', 1451269169805, '127.0.0.1', 'xiyou'),
	(723, '登录系统', 1451269258081, '127.0.0.1', 'xiyou'),
	(724, '登录系统', 1451269523547, '127.0.0.1', 'xiyou'),
	(725, '登录系统', 1451269619095, '127.0.0.1', 'xiyou'),
	(726, '登录系统', 1451270842597, '127.0.0.1', 'xiyou'),
	(727, '登录系统', 1451271020880, '127.0.0.1', 'xiyou'),
	(728, '登录系统', 1451271224739, '127.0.0.1', 'xiyou'),
	(729, '登录系统', 1451271507529, '127.0.0.1', 'xiyou'),
	(730, '登录系统', 1451271628477, '127.0.0.1', 'xiyou'),
	(731, '登录系统', 1451271709507, '127.0.0.1', 'xiyou'),
	(732, '登录系统', 1451271871122, '127.0.0.1', 'xiyou'),
	(733, '登录系统', 1451272218375, '127.0.0.1', 'xiyou'),
	(734, '登录系统', 1451272308275, '127.0.0.1', 'xiyou'),
	(735, '登录系统', 1451272430987, '127.0.0.1', 'xiyou'),
	(736, '登录系统', 1451272802351, '127.0.0.1', 'xiyou'),
	(737, '登录系统', 1451272897142, '127.0.0.1', 'xiyou'),
	(738, '登录系统', 1451272997893, '127.0.0.1', 'xiyou'),
	(739, '登录系统', 1451273048338, '127.0.0.1', 'xiyou'),
	(740, '登录系统', 1451273280645, '127.0.0.1', 'xiyou'),
	(741, '登录系统', 1451273397033, '127.0.0.1', 'xiyou'),
	(742, '登录系统', 1451273442673, '127.0.0.1', 'xiyou'),
	(743, '登录系统', 1451273499439, '127.0.0.1', 'xiyou'),
	(744, '登录系统', 1451273757653, '127.0.0.1', 'xiyou'),
	(745, '登录系统', 1451273962924, '127.0.0.1', 'xiyou'),
	(746, '登录系统', 1451274307452, '127.0.0.1', 'xiyou'),
	(747, '登录系统', 1451274356631, '127.0.0.1', 'xiyou'),
	(748, '登录系统', 1451274409614, '127.0.0.1', 'xiyou'),
	(749, '登录系统', 1451274550422, '127.0.0.1', 'xiyou'),
	(750, '登录系统', 1451274579404, '127.0.0.1', 'xiyou'),
	(751, '登录系统', 1451275113628, '127.0.0.1', 'xiyou'),
	(752, '登录系统', 1451275257920, '127.0.0.1', 'xiyou'),
	(753, '登录系统', 1451275449528, '127.0.0.1', 'xiyou'),
	(754, '登录系统', 1451280718489, '127.0.0.1', 'xiyou'),
	(755, '登录系统', 1451280806053, '127.0.0.1', 'xiyou'),
	(756, '登录系统', 1451280883619, '127.0.0.1', 'xiyou'),
	(757, '登录系统', 1451281172323, '127.0.0.1', 'xiyou'),
	(758, '登录系统', 1451282525942, '127.0.0.1', 'xiyou'),
	(759, '登录系统', 1451285794583, '127.0.0.1', 'xiyou'),
	(760, '登录系统', 1451291218623, '127.0.0.1', 'xiyou'),
	(761, '登录系统', 1451291454959, '127.0.0.1', 'xiyou'),
	(762, '登录系统', 1451292019407, '127.0.0.1', 'xiyou'),
	(763, '登录系统', 1451292226069, '127.0.0.1', 'xiyou'),
	(764, '登录系统', 1451292800278, '127.0.0.1', 'xiyou'),
	(765, '登录系统', 1451297314327, '127.0.0.1', 'xiyou'),
	(766, '登录系统', 1451305282498, '127.0.0.1', 'xiyou'),
	(767, '登录系统', 1451306774434, '127.0.0.1', 'xiyou'),
	(768, '登录系统', 1451307624533, '127.0.0.1', 'xiyou');
/*!40000 ALTER TABLE `gccp_log` ENABLE KEYS */;


-- 导出  表 xiyou.gccp_operationlog 结构
CREATE TABLE IF NOT EXISTS `gccp_operationlog` (
  `id` int(11) NOT NULL AUTO_INCREMENT,
  `batchSign` varchar(255) DEFAULT NULL,
  `callBackTime` bigint(20) DEFAULT NULL,
  `cmd` varchar(255) DEFAULT NULL,
  `gameId` int(11) DEFAULT NULL,
  `gameName` varchar(255) DEFAULT NULL,
  `platformAlias` varchar(255) DEFAULT NULL,
  `platformId` int(11) DEFAULT NULL,
  `result` int(11) DEFAULT NULL,
  `resultString` varchar(255) DEFAULT NULL,
  `sendDate` varchar(255) DEFAULT NULL,
  `sendTime` bigint(20) DEFAULT NULL,
  `sendUser` varchar(255) DEFAULT NULL,
  `serverId` int(11) DEFAULT NULL,
  `serverName` varchar(255) DEFAULT NULL,
  `sign` varchar(255) DEFAULT NULL,
  `state` int(11) DEFAULT NULL,
  `version` varchar(255) DEFAULT NULL,
  PRIMARY KEY (`id`)
) ENGINE=InnoDB DEFAULT CHARSET=utf8;

-- 正在导出表  xiyou.gccp_operationlog 的数据：~0 rows (大约)
DELETE FROM `gccp_operationlog`;
/*!40000 ALTER TABLE `gccp_operationlog` DISABLE KEYS */;
/*!40000 ALTER TABLE `gccp_operationlog` ENABLE KEYS */;


-- 导出  表 xiyou.gccp_permission 结构
CREATE TABLE IF NOT EXISTS `gccp_permission` (
  `id` int(11) NOT NULL AUTO_INCREMENT,
  `createTime` bigint(20) NOT NULL,
  `parentId` int(11) NOT NULL,
  `permissionDesc` varchar(255) DEFAULT NULL,
  `permissionName` varchar(255) DEFAULT NULL,
  `permissionURL` varchar(255) DEFAULT NULL,
  PRIMARY KEY (`id`)
) ENGINE=InnoDB AUTO_INCREMENT=54 DEFAULT CHARSET=utf8;

-- 正在导出表  xiyou.gccp_permission 的数据：~49 rows (大约)
DELETE FROM `gccp_permission`;
/*!40000 ALTER TABLE `gccp_permission` DISABLE KEYS */;
INSERT INTO `gccp_permission` (`id`, `createTime`, `parentId`, `permissionDesc`, `permissionName`, `permissionURL`) VALUES
	(2, 1444639178433, 0, 'user', 'ROLE_USER', ''),
	(3, 1444639497633, 2, '运营工具', 'OPERATE_TOOL', ''),
	(4, 1444639699817, 2, '在线查询', 'ONLINE_QUERY', '/onlineQuery'),
	(5, 1444643128306, 2, '玩家充值', 'PLAYERRECHARGE_QUERY', '/playerRechargeQuery'),
	(6, 1444643153764, 2, '消耗查询', 'CONSUME_QUERY', '/consumeQuery'),
	(7, 1444643206877, 2, '留存统计', 'RETENTION_QUERY', '/retentionQuery'),
	(8, 1444643215373, 2, '任务统计', 'TASK_QUERY', '/taskQuery'),
	(9, 1444643221869, 2, '等级分布', 'LEVEL_QUERY', '/levelQuery'),
	(10, 1444643227211, 2, '注册统计', 'REG_QUERY', '/regQuery'),
	(11, 1444643238300, 2, '活动统计', 'ACTIVE_QUERY', '/activeQuery'),
	(12, 1444643251730, 2, '资源审核', 'VERIFY_MANAGE', '/verifylQuery'),
	(13, 1444643258600, 2, '进阶系统查询', 'GAMESYSTEMLEVEL_QUERY', '/gamesystemlevelQuery'),
	(14, 1444643265124, 2, '副本统计', 'ZONE_MANAGE', '/zoneManage'),
	(15, 1444643270299, 2, '其他日志统计', 'ITEMDROP_QUERY', '/itemdropQuery'),
	(16, 1444643275095, 2, '其他小工具', 'OTHER_TOOLS_MANAGE', '/otherToolsManage'),
	(17, 1444643420710, 2, '背包二级密码管理', 'BACKPACK_PASSWORD', '/backpackPasswordManage'),
	(18, 1444643426299, 2, '帮会管理', 'GUILD_MANAGE', '/guildManage'),
	(19, 1444643432881, 2, '图片管理', 'IMAGE_MANAGE', '/imageManage'),
	(20, 1444643438619, 2, '道具管理', 'ITEM_MANAGE', '/itemManage'),
	(21, 1444643444826, 2, '排行榜', 'RANK_LIST_MANAGE', '/rankListManage'),
	(22, 1444643452259, 2, '跨服日志', 'KUAFU_MANAGE', '/kuafuManage'),
	(27, 1444653814170, 1, '系统管理', 'SYSTEM_MANAGE', ''),
	(28, 1444653853004, 1, '用户管理', 'USER_MANAGE', '/userManage'),
	(29, 1444653859808, 1, '权限管理', 'PERMISSION_MANAGE', ''),
	(30, 1444653868587, 1, '角色管理', 'ROLE_MANAGE', ''),
	(31, 1444653876376, 1, '数据收集', 'GAMELOG_MANAGE', ''),
	(32, 1444653883193, 1, '定时任务', 'SCHEDULE_MANAGE', ''),
	(33, 1444654242595, 1, '封禁管理', 'FORBID_MANAGE', ''),
	(34, 1444654247549, 1, '玩家查询', 'PLAYER_QUERY', ''),
	(35, 1444654251235, 1, '资源申请', 'APPLY_MANAGE', ''),
	(36, 1444654256228, 1, '公告管理', 'BULLETIN_MANAGE', ''),
	(37, 1444654260764, 1, '聊天监控', 'CHAT_MANAGE', ''),
	(38, 1444654266608, 1, '单人邮件', 'SEND_SINGLE_EAMIL', ''),
	(39, 1444654366460, 1, '客服工具', 'CUSTOMER_SERVICE', ''),
	(40, 1445339987221, 1, '墨龙工具', 'MOLOONG_TOOL', ''),
	(41, 1445340617519, 1, '数据查询', 'QUERY_MANAGE', '/queryManage'),
	(42, 1445340719862, 1, '资源发放', 'RESOURCES_MANAGE', '/resourcesManage'),
	(43, 1445340776356, 1, '设置GM', 'GM_MANAGE', '/gmManage'),
	(44, 1445858323415, 1, '运维管理', 'OPERATIONAL_MANAGE', ''),
	(45, 1445858605247, 1, '区服管理', 'SERVER_MANAGE', '/serverManage'),
	(46, 1445858690278, 1, '关服', 'SHUTDOWN_MANAGE', '/shutdownManage'),
	(47, 1445858705615, 1, '双倍', 'DOUBLE_MANAGE', '/doubleManage'),
	(48, 1445858723639, 1, 'GM指令', 'GMCOMMAND_MANAGE', '/GMCommandManage'),
	(49, 1445858749237, 1, '服务器管理', 'PHYSERVER_MANAGE', '/phyServerManage'),
	(50, 1445858764941, 1, '运维更新', 'UPDATE_MANAGE', '/updateManage'),
	(51, 1445858797712, 1, '开发合服', 'OPENCOMBINE_MANAGE', '/openCombineManage'),
	(52, 1445858914552, 1, '刷表', 'RELOAD_TABLE', '/roleManage'),
	(53, 1446109518692, 2, '充值查询', 'RECHARGE_QUERY', '/rechargeQuery');
/*!40000 ALTER TABLE `gccp_permission` ENABLE KEYS */;


-- 导出  表 xiyou.gccp_phy_server 结构
CREATE TABLE IF NOT EXISTS `gccp_phy_server` (
  `id` int(11) NOT NULL AUTO_INCREMENT,
  `createTime` bigint(20) DEFAULT NULL,
  `description` varchar(255) DEFAULT NULL,
  `hd` varchar(255) DEFAULT NULL,
  `host` varchar(255) DEFAULT NULL,
  `mem` varchar(255) DEFAULT NULL,
  `password` varchar(255) DEFAULT NULL,
  `serverGroup` varchar(255) DEFAULT NULL,
  `serverIp` varchar(255) DEFAULT NULL,
  `serverRoom` varchar(255) DEFAULT NULL,
  `state` varchar(255) DEFAULT NULL,
  `unionIp` varchar(255) DEFAULT NULL,
  PRIMARY KEY (`id`)
) ENGINE=InnoDB DEFAULT CHARSET=utf8;

-- 正在导出表  xiyou.gccp_phy_server 的数据：~0 rows (大约)
DELETE FROM `gccp_phy_server`;
/*!40000 ALTER TABLE `gccp_phy_server` DISABLE KEYS */;
/*!40000 ALTER TABLE `gccp_phy_server` ENABLE KEYS */;


-- 导出  表 xiyou.gccp_platformdepository 结构
CREATE TABLE IF NOT EXISTS `gccp_platformdepository` (
  `id` int(11) NOT NULL AUTO_INCREMENT,
  `currentWrite` tinyint(1) DEFAULT NULL,
  `dbName` varchar(255) DEFAULT NULL,
  `dbPassword` varchar(255) DEFAULT NULL,
  `dbPort` int(11) DEFAULT NULL,
  `dbUsername` varchar(255) DEFAULT NULL,
  `ip` varchar(255) DEFAULT NULL,
  `isDeleted` tinyint(1) DEFAULT NULL,
  `platformId` int(11) DEFAULT NULL,
  `platformName` varchar(255) DEFAULT NULL,
  `remotePort` int(11) DEFAULT NULL,
  PRIMARY KEY (`id`)
) ENGINE=InnoDB AUTO_INCREMENT=3 DEFAULT CHARSET=utf8;

-- 正在导出表  xiyou.gccp_platformdepository 的数据：~2 rows (大约)
DELETE FROM `gccp_platformdepository`;
/*!40000 ALTER TABLE `gccp_platformdepository` DISABLE KEYS */;
INSERT INTO `gccp_platformdepository` (`id`, `currentWrite`, `dbName`, `dbPassword`, `dbPort`, `dbUsername`, `ip`, `isDeleted`, `platformId`, `platformName`, `remotePort`) VALUES
	(1, NULL, 'game_log1', '84309323', 3306, 'root', '127.0.0.1', 0, 1, '360', NULL),
	(2, NULL, 'game_log1', '84309323', 3306, 'root', '127.0.0.1', 0, 2, 'qq', NULL);
/*!40000 ALTER TABLE `gccp_platformdepository` ENABLE KEYS */;


-- 导出  表 xiyou.gccp_resources 结构
CREATE TABLE IF NOT EXISTS `gccp_resources` (
  `id` int(11) NOT NULL AUTO_INCREMENT,
  `applicant` varchar(255) DEFAULT NULL,
  `applyDate` varchar(255) DEFAULT NULL,
  `applyTime` bigint(20) DEFAULT NULL,
  `content` varchar(255) DEFAULT NULL,
  `itemDesc` varchar(255) DEFAULT NULL,
  `items` varchar(255) DEFAULT NULL,
  `num` int(11) DEFAULT NULL,
  `platformId` int(11) DEFAULT NULL,
  `reason` varchar(255) DEFAULT NULL,
  `remark` varchar(255) DEFAULT NULL,
  `roleId` varchar(255) DEFAULT NULL,
  `roleName` varchar(255) DEFAULT NULL,
  `serverId` int(11) DEFAULT NULL,
  `serverName` varchar(255) DEFAULT NULL,
  `state` int(11) DEFAULT NULL COMMENT '0:待审核  1：已审核，已发送 2：审核不过 3：已审核，发送失败',
  `title` varchar(255) DEFAULT NULL,
  `type` int(11) DEFAULT NULL COMMENT '0:邮件  1：元宝 2:内币',
  `userId` varchar(255) DEFAULT NULL,
  `userName` varchar(255) DEFAULT NULL,
  `verify` varchar(255) DEFAULT NULL,
  `verifyDate` varchar(255) DEFAULT NULL,
  PRIMARY KEY (`id`)
) ENGINE=InnoDB DEFAULT CHARSET=utf8;

-- 正在导出表  xiyou.gccp_resources 的数据：~0 rows (大约)
DELETE FROM `gccp_resources`;
/*!40000 ALTER TABLE `gccp_resources` DISABLE KEYS */;
/*!40000 ALTER TABLE `gccp_resources` ENABLE KEYS */;


-- 导出  表 xiyou.gccp_role 结构
CREATE TABLE IF NOT EXISTS `gccp_role` (
  `id` int(11) NOT NULL AUTO_INCREMENT,
  `createTime` bigint(20) NOT NULL,
  `description` varchar(255) DEFAULT NULL,
  `roleName` varchar(255) DEFAULT NULL,
  PRIMARY KEY (`id`)
) ENGINE=InnoDB AUTO_INCREMENT=3 DEFAULT CHARSET=utf8;

-- 正在导出表  xiyou.gccp_role 的数据：~2 rows (大约)
DELETE FROM `gccp_role`;
/*!40000 ALTER TABLE `gccp_role` DISABLE KEYS */;
INSERT INTO `gccp_role` (`id`, `createTime`, `description`, `roleName`) VALUES
	(1, 1444640387956, 'allpermisson', 'MANNAGER'),
	(2, 1444640415705, 'regular', 'USER');
/*!40000 ALTER TABLE `gccp_role` ENABLE KEYS */;


-- 导出  表 xiyou.gccp_role_permission 结构
CREATE TABLE IF NOT EXISTS `gccp_role_permission` (
  `id` int(11) NOT NULL AUTO_INCREMENT,
  `permissionId` int(11) NOT NULL,
  `roleId` int(11) NOT NULL,
  PRIMARY KEY (`id`)
) ENGINE=InnoDB AUTO_INCREMENT=1130 DEFAULT CHARSET=utf8;

-- 正在导出表  xiyou.gccp_role_permission 的数据：~63 rows (大约)
DELETE FROM `gccp_role_permission`;
/*!40000 ALTER TABLE `gccp_role_permission` DISABLE KEYS */;
INSERT INTO `gccp_role_permission` (`id`, `permissionId`, `roleId`) VALUES
	(862, 1, 1),
	(863, 27, 1),
	(864, 28, 1),
	(865, 29, 1),
	(866, 30, 1),
	(867, 31, 1),
	(868, 32, 1),
	(869, 33, 1),
	(870, 34, 1),
	(871, 35, 1),
	(872, 36, 1),
	(873, 37, 1),
	(874, 38, 1),
	(875, 39, 1),
	(876, 40, 1),
	(877, 41, 1),
	(878, 42, 1),
	(879, 43, 1),
	(880, 44, 1),
	(881, 45, 1),
	(882, 46, 1),
	(883, 47, 1),
	(884, 48, 1),
	(885, 49, 1),
	(886, 50, 1),
	(887, 51, 1),
	(888, 52, 1),
	(889, 2, 1),
	(890, 3, 1),
	(891, 4, 1),
	(892, 5, 1),
	(893, 6, 1),
	(894, 7, 1),
	(895, 8, 1),
	(896, 9, 1),
	(897, 10, 1),
	(898, 11, 1),
	(899, 12, 1),
	(900, 13, 1),
	(901, 14, 1),
	(902, 15, 1),
	(903, 16, 1),
	(904, 17, 1),
	(905, 18, 1),
	(906, 19, 1),
	(907, 20, 1),
	(908, 21, 1),
	(909, 22, 1),
	(910, 53, 1),
	(1113, 1, 2),
	(1114, 34, 2),
	(1116, 44, 2),
	(1117, 48, 2),
	(1118, 2, 2),
	(1119, 3, 2),
	(1120, 4, 2),
	(1121, 6, 2),
	(1122, 7, 2),
	(1123, 8, 2),
	(1124, 10, 2),
	(1125, 14, 2),
	(1126, 9, 2),
	(1129, 53, 2);
/*!40000 ALTER TABLE `gccp_role_permission` ENABLE KEYS */;


-- 导出  表 xiyou.gccp_role_platform 结构
CREATE TABLE IF NOT EXISTS `gccp_role_platform` (
  `id` int(11) NOT NULL AUTO_INCREMENT,
  `platformId` int(11) NOT NULL,
  `roleId` int(11) NOT NULL,
  PRIMARY KEY (`id`)
) ENGINE=InnoDB DEFAULT CHARSET=utf8;

-- 正在导出表  xiyou.gccp_role_platform 的数据：~0 rows (大约)
DELETE FROM `gccp_role_platform`;
/*!40000 ALTER TABLE `gccp_role_platform` DISABLE KEYS */;
/*!40000 ALTER TABLE `gccp_role_platform` ENABLE KEYS */;


-- 导出  表 xiyou.gccp_schedulejob 结构
CREATE TABLE IF NOT EXISTS `gccp_schedulejob` (
  `jobId` int(11) NOT NULL AUTO_INCREMENT,
  `cronExpression` varchar(255) DEFAULT NULL,
  `jobDesc` varchar(255) DEFAULT NULL,
  `jobExecuteClass` varchar(255) DEFAULT NULL,
  `jobGroup` varchar(255) DEFAULT NULL,
  `jobName` varchar(255) DEFAULT NULL,
  `jobStatus` int(11) DEFAULT NULL,
  PRIMARY KEY (`jobId`)
) ENGINE=InnoDB DEFAULT CHARSET=utf8;

-- 正在导出表  xiyou.gccp_schedulejob 的数据：~0 rows (大约)
DELETE FROM `gccp_schedulejob`;
/*!40000 ALTER TABLE `gccp_schedulejob` DISABLE KEYS */;
/*!40000 ALTER TABLE `gccp_schedulejob` ENABLE KEYS */;


-- 导出  表 xiyou.gccp_script 结构
CREATE TABLE IF NOT EXISTS `gccp_script` (
  `id` int(11) NOT NULL AUTO_INCREMENT,
  `directions` varchar(255) DEFAULT NULL,
  `params` varchar(255) DEFAULT NULL,
  `scriptClass` varchar(255) DEFAULT NULL,
  `scriptName` varchar(255) DEFAULT NULL,
  PRIMARY KEY (`id`)
) ENGINE=InnoDB DEFAULT CHARSET=utf8;

-- 正在导出表  xiyou.gccp_script 的数据：~0 rows (大约)
DELETE FROM `gccp_script`;
/*!40000 ALTER TABLE `gccp_script` DISABLE KEYS */;
/*!40000 ALTER TABLE `gccp_script` ENABLE KEYS */;


-- 导出  表 xiyou.gccp_upgradesystem 结构
CREATE TABLE IF NOT EXISTS `gccp_upgradesystem` (
  `id` int(11) NOT NULL AUTO_INCREMENT,
  `data` varchar(255) DEFAULT NULL,
  `date` varchar(255) DEFAULT NULL,
  `platformId` int(11) DEFAULT NULL,
  `platformName` varchar(255) DEFAULT NULL,
  `serverId` int(11) DEFAULT NULL,
  `serverName` varchar(255) DEFAULT NULL,
  `systemId` int(11) DEFAULT NULL,
  PRIMARY KEY (`id`)
) ENGINE=InnoDB DEFAULT CHARSET=utf8;

-- 正在导出表  xiyou.gccp_upgradesystem 的数据：~0 rows (大约)
DELETE FROM `gccp_upgradesystem`;
/*!40000 ALTER TABLE `gccp_upgradesystem` DISABLE KEYS */;
/*!40000 ALTER TABLE `gccp_upgradesystem` ENABLE KEYS */;


-- 导出  表 xiyou.gccp_upgradesystem_config 结构
CREATE TABLE IF NOT EXISTS `gccp_upgradesystem_config` (
  `id` int(11) NOT NULL AUTO_INCREMENT,
  `levelDiff` int(11) DEFAULT NULL,
  `levelNum` int(11) DEFAULT NULL,
  `name` varchar(255) DEFAULT NULL,
  `querySql` varchar(255) DEFAULT NULL,
  PRIMARY KEY (`id`)
) ENGINE=InnoDB DEFAULT CHARSET=utf8;

-- 正在导出表  xiyou.gccp_upgradesystem_config 的数据：~0 rows (大约)
DELETE FROM `gccp_upgradesystem_config`;
/*!40000 ALTER TABLE `gccp_upgradesystem_config` DISABLE KEYS */;
/*!40000 ALTER TABLE `gccp_upgradesystem_config` ENABLE KEYS */;


-- 导出  表 xiyou.gccp_user 结构
CREATE TABLE IF NOT EXISTS `gccp_user` (
  `id` int(11) NOT NULL AUTO_INCREMENT,
  `createTime` bigint(20) NOT NULL,
  `deleted` tinyint(1) NOT NULL,
  `password` varchar(255) DEFAULT NULL,
  `roleId` int(11) NOT NULL,
  `username` varchar(255) DEFAULT NULL,
  PRIMARY KEY (`id`)
) ENGINE=InnoDB AUTO_INCREMENT=3 DEFAULT CHARSET=utf8;

-- 正在导出表  xiyou.gccp_user 的数据：~2 rows (大约)
DELETE FROM `gccp_user`;
/*!40000 ALTER TABLE `gccp_user` DISABLE KEYS */;
INSERT INTO `gccp_user` (`id`, `createTime`, `deleted`, `password`, `roleId`, `username`) VALUES
	(1, 1444640442810, 0, '48A82764020994A1E074DA084370735C', 1, 'admin'),
	(2, 1444640458164, 0, '48A82764020994A1E074DA084370735C', 2, 'xiyou');
/*!40000 ALTER TABLE `gccp_user` ENABLE KEYS */;
/*!40101 SET SQL_MODE=IFNULL(@OLD_SQL_MODE, '') */;
/*!40014 SET FOREIGN_KEY_CHECKS=IF(@OLD_FOREIGN_KEY_CHECKS IS NULL, 1, @OLD_FOREIGN_KEY_CHECKS) */;
/*!40101 SET CHARACTER_SET_CLIENT=@OLD_CHARACTER_SET_CLIENT */;
